"","Caller_ID","Session","First_Name","Last_Name","Street","City","Address","Zipcode","Email","Incoming_Phone","Contact_Phone","Test_Control"
"1","68359340ZFZYECVJ","2014.01.06 04:09:15","Bertha","","","","","","","(864)-004-6354","(864)-004-6354","test"
"14","03241649AHZKPWYH","2014.01.06 05:11:21","Johnny","Wilderman","","","NY","18715","","(757)-759-5303","(510)-985-8923","test"
"88","85080592TEFIPACV","2014.01.06 11:25:41","Lesly","","","","IA","","","(402)-153-4684","(619)-074-3663","test"
"103","31411668OZHNREIE","2014.01.06 12:39:59","Norwood","","","","CA","","","(864)-217-6981","","control"
"122","86506709TBYMGXTQ","2014.01.06 14:08:59","Adolfo","","","","","","","","(317)-648-5139","control"
"184","83559451LHCUAFYT","2014.01.06 19:15:05","Lionel","","","","","","","(703)-986-0864","(518)-375-2652","test"
"185","18086538MZFGFFTH","2014.01.06 19:20:03","Abbey","","","","AL","","","(830)-998-3332","(830)-998-3332","test"
"190","38297698NQJIEDHS","2014.01.06 19:44:51","Nicola","","","","","","","(775)-329-0338","(775)-329-0338","test"
"199","36854393GIZMEDRD","2014.01.06 20:31:53","Therese","Harber","","","KS","","jerryhassan@hotmail.com","(814)-861-7221","(814)-861-7221","test"
"206","05334034DMHRGBJP","2014.01.06 21:10:53","Frederik","","","","NH","","","(248)-549-8764","(248)-549-8764","test"
"214","72535168IUDJYABX","2014.01.06 21:51:20","Deontae","","","","","","","(385)-720-2094","(423)-618-4176","test"
"228","32597460SCPZKXYI","2014.01.06 23:01:19","Stella","Turcotte","","","","","","(956)-919-2793","(270)-358-4201","test"
"265","56895604BZVXIOOY","2014.01.07 02:01:07","Pauline","","","","","","","(916)-824-7278","(916)-824-7278","test"
"267","99131886JEWYGEJQ","2014.01.07 02:09:50","Jedidiah","","","","UT","","","(878)-091-4844","(878)-091-4844","control"
"305","26694082KLLWJQTW","2014.01.07 05:17:05","Christine","","","","","","","(484)-705-2967","(484)-705-2967","test"
"311","30796839YRFDNQMX","2014.01.07 05:51:45","Chelsea","","","","VT","","","(210)-420-3060","(210)-420-3060","test"
"318","12735352AZTUHXTW","2014.01.07 06:27:17","","","","","","","","(803)-748-6444","(803)-748-6444","test"
"326","81997214OOEKQCCZ","2014.01.07 07:04:56","Kaitlin","","","","MI","","","(270)-976-8746","(270)-976-8746","test"
"357","29788310DXSYOYWT","2014.01.07 09:40:59","Sincere","Denesik","","","OR","75963-5199","paulobi444@gmail.com","(615)-690-7091","(615)-690-7091","test"
"363","92486801SHVFQQPV","2014.01.07 10:12:06","Meghan","Monahan","","","VT","","","(785)-484-8767","(785)-484-8767","test"
"370","47678843KOIPKWGW","2014.01.07 10:52:05","Giovani","Gerlach","","","HI","","cynthia_david1010@yahoo.co.th","(657)-138-1874","","control"
"439","02097717MEMMKLLQ","2014.01.07 16:24:07","Bradly","Little","","","NE","","antifraudefcc_ng@aol.in","(321)-492-4457","(321)-492-4457","test"
"444","41778285YYJBRGED","2014.01.07 16:50:16","Neoma","Ullrich","","","AZ","","","(754)-566-2043","(754)-566-2043","control"
"449","61224113GVGBMBHR","2014.01.07 17:16:19","Casper","Goldner","","","","","","(234)-704-7890","(234)-704-7890","test"
"451","99429423DUMPLGSZ","2014.01.07 17:28:00","Austen","Stoltenberg","","","MS","68981-0820","","(281)-070-8378","(281)-070-8378","test"
"473","80959922SQPPFBLJ","2014.01.07 19:17:20","Ken","Bartell","","","VT","","clearing_benweb@hotmail.com","(734)-629-7882","(734)-629-7882","test"
"492","96776799KILIOYZW","2014.01.07 20:46:22","Maeve","","","","AZ","88804","","(559)-167-2666","(559)-167-2666","test"
"496","67640095KCGNLQMI","2014.01.07 21:06:24","Janice","Kreiger","","","NJ","","hpham0806@yahoo.com.hk","(410)-262-5411","(410)-262-5411","test"
"503","75411268KRBXYNIZ","2014.01.07 21:40:21","Kyra","Witting","","","","","","(937)-347-4100","(937)-347-4100","test"
"601","21251538AFKHBHGC","2014.01.08 05:58:32","Kenneth","","","","MI","","","(318)-930-7134","(318)-930-7134","test"
"615","33972669QDFMGATQ","2014.01.08 07:11:54","Willow","","","","","","","(406)-556-9554","(406)-556-9554","control"
"622","61542013OMASTKXH","2014.01.08 07:43:21","Laurel","","","","","","","(240)-478-0630","(240)-478-0630","test"
"649","43472432JJRKQANF","2014.01.08 09:59:40","Lucile","Wilkinson","","","NJ","","willsonsmithinvestmentfirm@gmail.com","(252)-581-4857","(252)-581-4857","test"
"654","54113039YDFCGMUC","2014.01.08 10:24:46","Otto","Bashirian","","","","","","(234)-894-6883","(234)-894-6883","test"
"657","70583765MTRZNUNW","2014.01.08 10:40:13","Shannon","Gottlieb","","","","","","(330)-842-8715","(364)-839-4773","test"
"661","16265394UDPSUFYZ","2014.01.08 11:01:06","Guillermo","Murray","","","WV","96630-9481","rev.franceskukah@earthlink.net","(904)-180-2988","(904)-180-2988","test"
"670","61241636URVIAPSL","2014.01.08 11:43:51","Christ","Cummerata","611 Dietrich Plains","North Dixiebury","ND","61906-9360","mrs_chloe_oliver_fa@live.com","(424)-889-0697","(424)-889-0697","control"
"681","37659932KLBDNUYS","2014.01.08 12:36:14","Norris","Brakus","","","NE","92171-7018","steve.franciss31@yahoo.com.ph","(813)-361-5893","(813)-361-5893","test"
"717","20845899CVAIOVHE","2014.01.08 15:41:04","Christelle","","","","WY","","","(719)-597-3561","(719)-597-3561","test"
"750","54414526DKSQHXBF","2014.01.08 18:33:09","Kaylie","","","","AK","15416-3789","","(505)-193-9110","(505)-193-9110","test"
"764","78503429ODRDLCVW","2014.01.08 19:41:07","Reggie","","","","","","","(915)-119-9118","(318)-367-7266","test"
"830","04738364LDHRVVOH","2014.01.09 01:05:47","Ernesto","","","","SC","","","(906)-754-7560","(906)-754-7560","test"
"904","36859918MEKRSPSM","2014.01.09 07:10:10","Jakob","","","","","","","(815)-110-5191","(815)-110-5191","test"
"912","17499291JKAWZZXU","2014.01.09 07:44:48","Sydnie","Yundt","","","SC","14040-9698","ayo_bami35@yahoo.co.in","(413)-905-2389","(413)-905-2389","test"
"929","33897014NUKKJNLY","2014.01.09 09:09:06","Noel","Schaefer","30054 Wilkinson Valleys","Gleasonville","FL","35967","seanroberts12@yahoo.com","(915)-020-8126","(915)-020-8126","test"
"937","34434756QTTNFTON","2014.01.09 09:49:16","Dayton","Stehr","19433 Macejkovic Field","New Aleen","SC","25659-0593","mrjeffyukon00@mail2world.com","(510)-091-0161","(510)-091-0161","test"
"948","34919513EBIHLTRE","2014.01.09 10:44:16","Oliver","Veum","2535 Tara Circles","New Daisha","VA","79688","markchrist20@yahoo.com","(272)-998-4087","(272)-998-4087","test"
"974","22575106XMTQEMDO","2014.01.09 12:51:36","Roxane","Muller","","","PA","43376-2190","johnboardman25@yahoo.co.uk","(734)-755-0949","(734)-755-0949","test"
"988","15099558DQZVTJGN","2014.01.09 14:03:51","Dameon","Okuneva","","","","","atm_payment@excite.com","(914)-871-6752","(914)-871-6752","control"
"996","18668051ZLRTYUGX","2014.01.09 14:45:04","Stacey","Gusikowski","","","WV","","","(567)-550-9064","(567)-550-9064","test"
"1002","51378544QMZNECZB","2014.01.09 15:10:23","Bertha","Welch","134 Keegan Divide","Ethelport","CA","66799","fedexu@yahoo.co.uk","(214)-524-5270","(214)-524-5270","test"
"1004","73044710IVJUQUHI","2014.01.09 15:18:57","Kendra","Mueller","","","HI","","","(660)-233-4639","(660)-233-4639","control"
"1010","64899613ELNXARNO","2014.01.09 15:49:17","Yvette","","","","IN","","","(636)-274-9219","(636)-274-9219","test"
"1042","93066685CFFIJYTK","2014.01.09 18:23:44","Doyle","Prohaska","77384 Katelin Run","Morarhaven","ND","87309","sonita_henry4@msn.com","(585)-312-6384","(585)-312-6384","test"
"1082","69439327XJTFEJJO","2014.01.09 21:42:59","Conrad","","","","","","","(254)-685-4638","(254)-685-4638","test"
"1090","60755467NNIXFUGN","2014.01.09 22:21:06","Ansel","Dickens","","","DE","","ezeh2010@mail.mn","(724)-666-0786","(724)-666-0786","test"
"1125","09664374TWVMXWVL","2014.01.10 01:11:10","Jovani","","","","","","","(919)-514-5357","(919)-514-5357","control"
"1141","78547154OOWTNFGI","2014.01.10 02:28:39","","","","","","","","(802)-665-5195","(802)-665-5195","test"
"1155","35735474SQCPTAFP","2014.01.10 03:36:19","Allie","Hodkiewicz","","","NC","","","(949)-862-6767","(949)-862-6767","test"
"1197","85374788KAZYJUQR","2014.01.10 07:03:56","Brown","Altenwerth","","","ID","62194-0925","","(215)-771-8443","(215)-771-8443","test"
"1202","41039308GRXXGBDU","2014.01.10 07:30:50","Lavern","Beier","","","OH","","","(561)-125-6019","(561)-125-6019","test"
"1275","91271571UXAFMQFX","2014.01.10 13:48:14","Felicity","","","","NM","","","(762)-774-8176","(762)-774-8176","test"
"1279","81864624RPMCFPAZ","2014.01.10 14:11:18","Doyle","","","","","","","(803)-938-7497","(618)-140-1684","test"
"1285","51877161UDYUDCVT","2014.01.10 14:43:15","Nicholas","","","East Ashlynnfurt","ND","96399","","(770)-223-9376","(770)-223-9376","test"
"1289","27309710LLXQIYFI","2014.01.10 15:01:05","Caden","","","","","","","(620)-838-0377","(620)-838-0377","test"
"1323","21634991GKKHRHPY","2014.01.10 17:47:46","Holly","Runte","","","","","","(734)-619-0937","(734)-619-0937","test"
"1332","95525760WOYSDDJC","2014.01.10 18:36:16","Merl","","","","VA","","","(531)-875-3898","(531)-875-3898","test"
"1335","95984521XYDYMWUX","2014.01.10 18:49:50","Kailyn","","","","","","","(414)-589-6618","(414)-589-6618","test"
"1385","27111177YDDFIXJG","2014.01.10 23:00:14","Alicia","","90792 Fritsch Wall","Carterhaven","PA","","","(401)-170-7463","(401)-170-7463","test"
"1388","80776475OTFOWFTS","2014.01.10 23:15:35","Kiara","Keebler","","","","","","(407)-815-8913","(407)-815-8913","test"
"1412","80587548EKKEBWPX","2014.01.11 01:10:32","Delaney","","","","","","","(386)-101-0410","(602)-440-4015","test"
"1500","96733639FRKHJESB","2014.01.11 08:39:15","Daija","Morar","","","","","zenith.douglas_tonyson@hotmail.com","(843)-373-0789","(843)-373-0789","test"
"1554","40908322MEHQSCAQ","2014.01.11 13:11:45","Kelli","","","","LA","","","(775)-824-2446","(775)-824-2446","test"
"1556","27215490SUJRGZJG","2014.01.11 13:20:28","Devan","Paucek","","","MO","","","(313)-580-0211","(313)-580-0211","control"
"1560","90292231POYODWQP","2014.01.11 13:39:48","Merlin","","","","VT","","","(502)-337-3153","(817)-861-4736","control"
"1590","02797367CFJIIXSM","2014.01.11 16:16:53","Bonita","Schinner","402 Eula Mountain","South Michaela","FL","67757","safia00004@yahoo.co.jp","(662)-446-9292","(662)-446-9292","test"
"1603","37313058YVJBCEDC","2014.01.11 17:27:23","Tamia","","","","","","","(606)-814-1970","(606)-814-1970","test"
"1605","91561076SLMNEDTJ","2014.01.11 17:37:29","Crystel","Rogahn","","","","","centralbnkofnigeria45@gmail.com","(970)-338-8575","(970)-338-8575","test"
"1621","95515718CLRPXRXN","2014.01.11 18:56:43","Samson","","","","NV","","","(425)-573-1050","(425)-573-1050","control"
"1624","33039247AGXTJYNH","2014.01.11 19:11:23","Tierra","","","","CT","","","(918)-783-3137","(918)-783-3137","control"
"1628","00503493CRQHCLMI","2014.01.11 19:29:40","Ilene","Powlowski","","","","","","(856)-861-0171","(212)-197-3890","test"
"1656","02850571EJQGFVRX","2014.01.11 21:47:27","Arvid","","","","ME","","","(575)-520-5630","(575)-520-5630","test"
"1665","38205347WXMPDSUR","2014.01.11 22:32:16","Jeremie","Lakin","","","MD","","","(878)-618-7095","(878)-618-7095","test"
"1673","00256897SGYNRFMN","2014.01.11 23:13:08","Bryana","","","","MO","","","(412)-046-5297","(412)-046-5297","test"
"1675","61527117EVNTECYX","2014.01.11 23:23:15","Juvenal","","","","WI","","","(845)-709-6528","(845)-709-6528","control"
"1680","08993536KFBJOPXY","2014.01.11 23:47:16","Jane","","","","","","","(856)-574-4897","(856)-574-4897","test"
"1683","44897825PNAIUQTY","2014.01.12 00:01:57","Jasmin","","","","WV","","","(786)-313-1986","(786)-313-1986","control"
"1718","45974178SPJUIBFX","2014.01.12 02:58:05","Garrick","Pfeffer","","","","","","(661)-534-4624","(661)-534-4624","control"
"1745","12757635CQXDXQNE","2014.01.12 05:12:49","Orville","Kling","","","WV","","","(716)-732-5150","(716)-732-5150","test"
"1760","64208079KZFPSMKU","2014.01.12 06:25:22","Bradly","Graham","","","VT","61750-2731","collins_udoka99@yahoo.co.jp","(531)-835-6033","(573)-745-8950","test"
"1769","03405210ITYETULB","2014.01.12 07:13:16","Tiana","","","","","","","(713)-951-1874","(713)-951-1874","test"
"1780","13477370OXDYRPPT","2014.01.12 08:09:42","Seamus","","","","","","","(817)-557-7988","(817)-557-7988","test"
"1796","57313035IGBJUWYG","2014.01.12 09:31:31","Leanna","","","","","","","(657)-850-1025","(657)-850-1025","test"
"1797","04234100TLSARGBK","2014.01.12 09:36:26","Chyna","Fisher","","","OH","24499-3195","SJPWM@financier.com","(832)-846-6355","(832)-846-6355","test"
"1800","87961640DTLDMBIJ","2014.01.12 09:50:54","Edwin","","","","","","","(516)-460-9516","(516)-460-9516","control"
"1829","54405975DDUMNCVK","2014.01.12 12:19:46","Bette","Dicki","7266 Stanton Circle","Cristfurt","NE","37754","clementcole.msn@msn.com","(401)-126-6608","(401)-126-6608","test"
"1837","58526378KSXIFPUT","2014.01.12 12:55:53","Ronaldo","Kuhic","702 Champlin Mill","New Loganhaven","CA","27693","wowo_cc1@yahoo.com","(304)-166-8514","(304)-166-8514","test"
"1849","00185326HEFGCSBH","2014.01.12 13:55:55","Iliana","Haley","","","","","","(605)-839-9561","(605)-839-9561","test"
"1876","30276050CPXQBEAO","2014.01.12 16:11:58","Valentina","Heidenreich","8785 Marina Street","Ornburgh","WI","72152","skypowerng@yahoo.com","(646)-072-3259","(646)-072-3259","test"
"1916","27570227MTAYAUEM","2014.01.12 19:30:10","Virgil","Schoen","","","MA","","","(850)-946-4895","(850)-946-4895","control"
"1918","87470083SDVLJKBG","2014.01.12 19:40:12","","","","","","","","(251)-432-6675","(503)-411-1318","test"
"1939","86953948JWBRFSRV","2014.01.12 21:27:46","Tomas","Howe","","","","","","(425)-754-4405","(425)-754-4405","test"
"1953","34887598PIWKMFBM","2014.01.12 22:39:39","Zakary","","","","","","","(989)-399-8380","(989)-399-8380","test"
"1958","52832142IEKDRBFN","2014.01.12 23:02:19","Isom","","","","","","","(985)-445-5188","(985)-445-5188","test"
"1975","33620833SREKKFZY","2014.01.13 00:23:22","Russ","Weimann","","","","","","(954)-122-3708","(954)-122-3708","test"
"1979","01949713VEVDUTXP","2014.01.13 00:41:57","Adam","","","","","","","(843)-505-5245","(843)-505-5245","control"
"1988","92864977DZICXSHV","2014.01.13 01:26:55","Emma","Grady","","","","","","(484)-520-6093","(609)-407-4120","test"
"2002","25955491OWKZYYPY","2014.01.13 02:41:23","Reina","","","","UT","","","(828)-616-0325","(828)-616-0325","control"
"2003","63759825RVNZQVCW","2014.01.13 02:45:36","Berry","Harvey","","","MI","","robert_mbewe@yahoo.co.uk","(260)-827-1658","(260)-827-1658","test"
"2008","24388249EICNTYOX","2014.01.13 03:11:21","Julian","Carroll","","","IL","","","(714)-036-9762","(714)-036-9762","test"
"2015","64803754CJMNJVID","2014.01.13 03:47:08","Denis","Morissette","","","MA","","mr.lamidosanusilamidocbngov@gmail.com","(619)-537-8888","(619)-537-8888","control"
"2040","76039236UWTNZZFG","2014.01.13 05:42:50","General","","","","SD","","","(205)-761-0334","(205)-761-0334","test"
"2058","35921798YJSHXLJZ","2014.01.13 07:24:25","Anahi","","","","","","","(804)-414-3595","(804)-414-3595","test"
"2066","84097741PRLAHJCY","2014.01.13 08:04:01","Jaylen","Abernathy","62520 Lynch Causeway","Lake Dangeloville","NJ","32693-9304","mr_james_115@hotmail.fr","(561)-365-3975","(561)-365-3975","control"
"2070","90233723UHZCMRUQ","2014.01.13 08:27:16","Mittie","","","","","","","(682)-626-4337","(682)-626-4337","test"
"2100","26943226PXCXJTUB","2014.01.13 10:55:08","Isidro","Metz","","","","","","(404)-305-6257","(202)-142-3933","test"
"2106","77936691AVPUMODV","2014.01.13 11:21:41","Rickie","","","","","","","(903)-756-4210","(903)-756-4210","control"
"2132","79997856FQOOIUSY","2014.01.13 13:35:09","Caterina","","","","SD","","","(410)-193-1662","(410)-193-1662","test"
"2138","16518188LWASVXLU","2014.01.13 14:09:58","Carmel","Spinka","","","MN","46820","mrstheresankoyo@y7mail.com","(320)-658-1129","(320)-658-1129","test"
"2140","81364039WHOLKWKA","2014.01.13 14:19:33","Valentina","","","","NC","","","(501)-142-7469","(501)-142-7469","test"
"2154","75686880MYOPPVDR","2014.01.13 15:27:59","Wilma","","","","SC","48753","","(302)-937-9498","(302)-937-9498","test"
"2231","20699457EOANUNFK","2014.01.13 22:03:35","Vilma","Wilkinson","7313 Frieda Isle","North Pink","CO","26411","mrsfarida2011@yahoo.co.jp","(512)-423-5926","(320)-523-7824","test"
"2254","79225401SWWUMNWI","2014.01.13 23:56:57","Brandy","Lemke","","","CT","19705","maldaline@att.net","(219)-077-0747","(219)-077-0747","test"
"2257","86432840JZOYDFBR","2014.01.14 00:12:50","Brianne","","","","CA","","","(307)-455-1257","(307)-455-1257","test"
"2258","72383594PYMJHNKE","2014.01.14 00:16:17","Mauricio","","","","NJ","","","(707)-975-2229","(707)-975-2229","test"
"2266","37656837UHYJPYGN","2014.01.14 00:53:53","Alaina","Stamm","","","TX","","","(217)-057-0452","(217)-057-0452","test"
"2286","58921701HZKKFGGS","2014.01.14 02:35:40","Tyson","","","","","","","(641)-916-8906","(641)-916-8906","test"
"2291","98718188OQADZJDK","2014.01.14 03:01:52","Alphonso","Green","","","MT","51660-9088","","(626)-720-0989","(626)-720-0989","test"
"2304","78001811GNFFUDPT","2014.01.14 04:05:24","Priscilla","","","","","","","(602)-337-6746","(602)-337-6746","test"
"2310","73907348EOLMBXXT","2014.01.14 04:36:07","Lori","","","","NC","","","(217)-976-3763","(217)-976-3763","control"
"2312","43151191NZLCRPIY","2014.01.14 04:45:16","Shanie","Grimes","7758 Kshlerin Ways","East Kennedifort","MI","29280-3836","microsoftlotto32@yahoo.com","(859)-576-1653","(859)-576-1653","test"
"2318","84614535NATOIKUQ","2014.01.14 05:14:08","Queen","","","","TN","","","(979)-926-2447","(979)-926-2447","test"
"2343","23618380JGRWOEOZ","2014.01.14 07:11:45","Cyril","","","","","","","(720)-270-5267","(720)-270-5267","test"
"2394","56894220GEVUWBVM","2014.01.14 11:12:15","Aubrey","Kozey","4888 Harvey Ferry","New Roger","MO","22200","gracefarooq1002@msn.com","(845)-546-4621","(845)-546-4621","test"
"2398","12241341AYUFYIZU","2014.01.14 11:31:37","Columbus","McLaughlin","","","SC","","dennisloanword@gmail.com","(234)-728-5565","(234)-728-5565","test"
"2419","34387053DTRARXPN","2014.01.14 13:11:34","Abdiel","","","","UT","","","(863)-042-2682","(863)-042-2682","control"
"2526","19439181RLPFYSPW","2014.01.14 22:24:10","Jedediah","","","","","","","(814)-909-7029","(814)-909-7029","test"
"2530","34479675BUSEBRYW","2014.01.14 22:44:57","Vilma","","","","","","","(928)-086-6130","(928)-086-6130","test"
"2542","57413726AJYPZNUS","2014.01.14 23:46:58","Alexanne","","","","NE","","","(609)-492-5126","(609)-492-5126","control"
"2548","82728103OILOFGVA","2014.01.15 00:22:04","Jorge","","","Arnoldomouth","NC","69841","","(337)-139-2177","(337)-139-2177","test"
"2565","95462694EJIUCZHJ","2014.01.15 01:52:59","Corbin","","","","","","","(410)-182-8020","(410)-182-8020","test"
"2569","11221707CVKZUREC","2014.01.15 02:10:22","Oscar","","","","","","","(913)-639-8234","(913)-639-8234","test"
"2589","75845526JKLVJUBN","2014.01.15 03:55:00","Raul","Kuhic","5204 Miller Expressway","Wilkinsonport","WA","61401-4204","mrjohnokumagba01@yahoo.fr","(772)-588-4836","(772)-588-4836","test"
"2595","73513942UOTEAUBS","2014.01.15 04:25:59","Pascale","","","","MD","","","(516)-441-1290","(516)-441-1290","test"
"2599","13586916WZHTJTKG","2014.01.15 04:43:53","Bettye","Ondricka","","","","","","(567)-391-1859","(603)-299-5260","test"
"2606","76040778PKVMNZGV","2014.01.15 05:17:10","Jacynthe","McDermott","","","AZ","","","(814)-135-8977","(814)-135-8977","test"
"2645","48910772WFVDDNMX","2014.01.15 08:17:48","Bart","Wiegand","","","","","","(936)-519-2143","(936)-519-2143","test"
"2687","80654490KWJMEZTX","2014.01.15 11:55:44","Tyler","Schinner","61334 Santino Unions","Antoniettaburgh","ID","61633","","","(402)-582-1208","test"
"2704","06011230NPSVSCTM","2014.01.15 13:22:12","King","","","","","","","(970)-899-6549","(618)-689-6152","test"
"2726","95650959DSQAANVI","2014.01.15 15:04:26","Dayton","","","","WA","45074-4990","","(339)-675-6587","(339)-675-6587","control"
"2734","87033002LWTWCMKN","2014.01.15 15:43:13","Velma","","","","","","","(912)-093-7968","(912)-093-7968","control"
"2801","68470970ETJRSJWX","2014.01.15 21:13:00","Aditya","","","","","","","(339)-243-9457","(947)-664-6736","test"
"2804","28290924ENTDZGBF","2014.01.15 21:24:41","Edwina","","","","","","","(478)-284-9221","(478)-284-9221","test"
"2836","28960758CHOBCGLK","2014.01.16 00:02:27","Nicola","","","","NM","75961-7563","","(202)-668-3273","(202)-668-3273","test"
"2844","45476434NJYZFRZI","2014.01.16 00:43:54","Tito","Gutmann","976 Cheyenne Flat","Koeppbury","WI","","","(862)-771-2942","(862)-771-2942","test"
"2846","02999751RYKHSGKK","2014.01.16 00:51:33","Samara","","","","MN","","","(570)-041-0337","(570)-041-0337","control"
"2869","17894582SVOHLKGC","2014.01.16 02:41:59","Ladarius","","","","AR","","","(270)-695-2661","(270)-695-2661","test"
"2931","56031341MJZZKUJP","2014.01.16 07:58:28","Lucienne","","","","","","","(480)-166-7431","(480)-166-7431","test"
"2975","07202664QYAFWJSM","2014.01.16 11:29:31","Loyal","","","","","","","(520)-540-4716","(520)-540-4716","test"
"2994","15798369KEXVPRMK","2014.01.16 13:01:13","Lurline","","","","","","","(208)-635-5709","(208)-635-5709","test"
"3037","96794254ESEBCDPH","2014.01.16 16:28:32","Emmanuel","Rosenbaum","","","","","","(972)-426-4665","(972)-426-4665","test"
"3047","17044900AKFUCQBA","2014.01.16 17:20:09","Reva","","","","","","","(929)-529-4458","(929)-529-4458","test"
"3069","26094534AUWVADHQ","2014.01.16 19:00:59","Garrick","Flatley","930 Teagan Ville","MacGyverview","NM","21545-8330","harrison_compare01@yahoo.fr","(321)-497-9733","(321)-497-9733","test"
"3073","02412788KJTJRNMK","2014.01.16 19:21:50","Gardner","Howell","","","NC","","","(714)-434-7995","(714)-434-7995","control"
"3079","46156011SGKLGPBP","2014.01.16 19:53:12","Dexter","Willms","","","ID","","","(504)-366-9806","(504)-366-9806","test"
"3090","00243747ZHEKWHOA","2014.01.16 20:48:40","Tatyana","Kuvalis","","","OR","","missericap@yahoo.com","(762)-589-9796","(762)-589-9796","test"
"3140","66102642CJHPLQTW","2014.01.17 01:08:32","Marques","","","","NV","","","(262)-331-6285","(262)-331-6285","control"
"3189","06360535EHXPUWNH","2014.01.17 05:05:02","Calista","","","","NH","","","(575)-623-2222","(575)-623-2222","control"
"3229","28762421NAYUDTVY","2014.01.17 08:22:13","Savannah","Rogahn","10619 Joesph Expressway","South Tabithaberg","MI","44916","EMAILNIGEL1_JENKINSON@CONSULTANT.COM","(626)-098-0980","(626)-098-0980","test"
"3232","98760869DYBNJLTL","2014.01.17 08:36:01","Abigayle","","","","NJ","96135-7269","","(318)-210-5831","(318)-210-5831","control"
"3247","05672596IIHUONSQ","2014.01.17 09:54:35","Myrtis","Lueilwitz","","","","","","(510)-196-8908","(510)-196-8908","test"
"3270","88900806RTBMJUZD","2014.01.17 11:47:14","Rogers","","","","","","","(228)-822-3628","(228)-822-3628","test"
"3304","79080124IDJCEILE","2014.01.17 14:41:12","Gertrude","Mosciski","6643 Gulgowski Corners","Jaynechester","MA","30363","drlewisolga@windowslive.com","(215)-089-5246","(215)-089-5246","control"
"3327","88912418PHJBFWMC","2014.01.17 16:44:31","Domenic","Kessler","","","NM","","westernunion.service0009@gmail.com","(417)-150-7794","(417)-150-7794","test"
"3416","73601910RFPTCJSM","2014.01.18 00:07:57","Aniyah","Witting","","","","","alima_ahmedd5@ig.com.br","(458)-482-0816","(458)-482-0816","control"
"3420","97507630FKXTVWKL","2014.01.18 00:26:35","Tyrel","","","","","","","(281)-921-6372","(281)-921-6372","test"
"3441","68242081XXKVPQPF","2014.01.18 02:16:15","Wilford","Reinger","","","GA","","","(716)-546-8316","(716)-546-8316","test"
"3479","53362149DETZJTKC","2014.01.18 05:29:55","Lonnie","","","","","","","(612)-090-2312","(612)-090-2312","test"
"3494","04236057XNIABOYG","2014.01.18 06:46:51","Cyril","","","","","","","(912)-699-3393","(912)-699-3393","test"
"3499","42581238TGURKBEE","2014.01.18 07:07:49","Wilfred","Feest","795 Lolita Ridges","Marleeshire","RI","43426-6536","fedexcourierafrica@gmail.com","(786)-002-0100","(862)-903-8915","test"
"3516","71575845WJUTOJPJ","2014.01.18 08:24:52","Demetrius","Hammes","","","","","","(609)-740-2705","(660)-105-7707","test"
"3554","14680292WOQBBJEZ","2014.01.18 11:34:23","Kaylie","Dietrich","","","GA","70249-9179","aerobicformand@aasi.com","(603)-173-1533","(603)-173-1533","test"
"3564","17208995OOFVYGWE","2014.01.18 12:25:36","Gianni","Runte","","","MD","","irs.ielott@hotmail.com","(484)-522-4281","(484)-522-4281","test"
"3572","59793326TOQCQPLX","2014.01.18 13:08:20","Roxane","","","","","","","(719)-452-9987","(719)-452-9987","test"
"3575","61168648RDUQOYEJ","2014.01.18 13:23:52","Edyth","Yundt","3982 Janick Heights","Kohlerport","TX","33989-7524","barr_sandy2008@hotmail.com","(407)-522-2076","(407)-522-2076","test"
"3614","02572156TWZMMCWA","2014.01.18 16:39:00","Ova","","","","","","","(364)-095-9622","(364)-095-9622","test"
"3619","32413695QDZVTPIX","2014.01.18 17:06:27","Emerson","Reilly","","","MI","85651","diplomaticcourieragent22@yahoo.co.jp","(702)-549-4804","(702)-549-4804","test"
"3750","71481454DLYIUFTV","2014.01.19 03:54:25","Connie","","","","UT","","","(612)-808-9740","(612)-808-9740","test"
"3757","57824008HGUXWDLO","2014.01.19 04:30:31","Tremaine","","","","WV","","","(214)-494-6662","(214)-494-6662","control"
"3797","65717164WLIOVMTA","2014.01.19 07:40:09","Juliana","","","","PA","","","(831)-601-9395","(831)-601-9395","test"
"3805","02396030AKVHWCJW","2014.01.19 08:17:45","Albina","","","","","","","(316)-689-0885","(316)-689-0885","test"
"3858","06140682FDKDPUUH","2014.01.19 12:41:59","Evie","Russel","","","MA","","","(762)-871-4822","(762)-871-4822","test"
"3901","39048006XUZTQHZY","2014.01.19 16:26:09","Evert","","","","MI","","","(401)-420-1424","(401)-420-1424","test"
"3903","56113953YFHHRBMU","2014.01.19 16:35:52","Jena","Corwin","","","MO","","elhadjoumarou101@hotmail.fr","(206)-153-6929","(206)-153-6929","test"
"3940","25182996FTFGUZIN","2014.01.19 19:39:54","Joana","Senger","","","MS","","","(850)-409-2153","(256)-207-6651","control"
"3989","87060290QNSQTHAP","2014.01.19 23:32:47","Trenton","Smith","","","TN","23007-1610","saliu999@yahoo.fr","(313)-111-6410","(914)-540-3111","test"
"4011","17088298PMTVBKJQ","2014.01.20 01:16:39","Rosetta","Turner","","","MO","","sule_k6@yahoo.com","(862)-443-5282","(862)-443-5282","test"
"4019","29046195XBCRBBJL","2014.01.20 01:52:54","Baby","","","","","","","(313)-269-0291","(313)-269-0291","test"
"4025","42566912QMENLPSP","2014.01.20 02:24:25","Monserrate","Prohaska","9480 Dach Street","Lindgrenbury","WV","45782-5081","paulson.johjoh@voila.fr","(234)-697-4467","(234)-697-4467","test"
"4070","89584409JCFWNJAY","2014.01.20 06:10:24","Amari","","","","NY","","","(570)-838-6529","(570)-838-6529","test"
"4094","77657118CGJAHESO","2014.01.20 08:03:11","Rebeca","","","","","","","(978)-481-2855","(978)-481-2855","control"
"4097","50214270SKBUWGWY","2014.01.20 08:15:02","Eduardo","Kuvalis","275 Dejah Hollow","Nicolasberg","NV","92296-2366","biros2008@myway.com","(364)-876-2601","(364)-876-2601","test"
"4108","19764803ABIENJTC","2014.01.20 09:08:54","Alison","Christiansen","","","PA","","","(669)-684-0036","(669)-684-0036","test"
"4110","19047749FJVHCJDJ","2014.01.20 09:19:51","Cassandra","","","","","","","(276)-737-0986","(276)-737-0986","test"
"4134","47139128BWWVDMZE","2014.01.20 11:21:26","Deontae","Veum","","Corwinside","UT","76134-6264","","(406)-043-6888","(406)-043-6888","test"
"4149","01653514CGMDQHLT","2014.01.20 12:41:07","Dillan","Rohan","","","","","","(435)-418-4903","(435)-418-4903","test"
"4162","04709425HKXFONAV","2014.01.20 13:41:50","Adolf","","","","","","","(415)-573-6475","(415)-573-6475","test"
"4167","89868079VZQYHFKC","2014.01.20 14:03:57","Christopher","","","","","","","(870)-100-1627","(870)-100-1627","control"
"4201","73089092SNTJDABL","2014.01.20 16:45:53","Collin","","","","MT","87293-2137","","(646)-911-6551","(646)-911-6551","test"
"4203","16881040CJDOVPCX","2014.01.20 16:53:47","Ocie","","","","","","","(505)-825-7418","(505)-825-7418","test"
"4237","47618356SNQOSJJP","2014.01.20 19:43:32","Houston","Zieme","","","IA","22215-6354","ingchunyliu@walla.com","(616)-613-2340","(810)-949-8052","test"
"4239","18526731OOACLFAX","2014.01.20 19:52:45","Arne","","","","","","","(209)-152-0436","(209)-152-0436","test"
"4252","80893520QQQUIAPY","2014.01.20 21:05:05","Hosea","Hermiston","","","","","","(567)-363-9580","(567)-363-9580","test"
"4253","33940147QTYTSBYP","2014.01.20 21:10:38","Ashly","Prohaska","","","","","allainmoshe9001@yahoo.com.my","(769)-225-3990","(769)-225-3990","control"
"4272","25063484SFWQYVEL","2014.01.20 22:42:11","Clifford","Beer","","","NY","52455","mrshellendavido1@hotmail.com","(704)-169-0934","(704)-169-0934","test"
"4276","15684925MGEDENHL","2014.01.20 23:04:06","Leatha","Bednar","25954 Layne Crossroad","Quigleytown","NV","14009","aiza.r012@msn.com","(909)-489-3527","(909)-489-3527","test"
"4281","42211902CWMVZJKF","2014.01.20 23:31:06","Thaddeus","","","","TX","","","(828)-429-0904","(828)-429-0904","test"
"4294","37604086DGKMQMZC","2014.01.21 00:33:40","Pearl","Kassulke","","","","","","(330)-888-6365","(507)-532-6983","test"
"4336","32306621PJTNSKOW","2014.01.21 04:12:34","Catherine","Price","3759 Jayme Points","Jonesview","ME","51132-8259","kennywilliams100@gmail.com","(732)-075-5339","(732)-075-5339","test"
"4357","22844459RFKOMSQK","2014.01.21 05:47:36","Albertha","Kohler","","","WA","83980-8375","s_davisx00003@yahoo.co.jp","(470)-299-7504","(470)-299-7504","test"
"4368","30458567ETVTYNHJ","2014.01.21 06:48:35","Sarah","","","","","","","(308)-311-6129","(308)-311-6129","test"
"4370","86656099EEQDYCHL","2014.01.21 06:59:30","Golden","Zemlak","25752 Cummings Lodge","Port Zakary","NH","36659","atmcustomercare171@gmail.com","(352)-031-9389","(352)-031-9389","control"
"4420","77307873WKNLHMBP","2014.01.21 11:10:41","Zachariah","","","","PA","","","(539)-169-5799","(539)-169-5799","control"
"4435","00814168KTTZDHNL","2014.01.21 12:23:03","Patsy","","","","PA","","","(425)-551-5639","(425)-551-5639","control"
"4437","97887577ENALVEWJ","2014.01.21 12:34:47","Candido","","","","","","","(559)-012-2540","(559)-012-2540","control"
"4459","68161972QZVKRQYZ","2014.01.21 14:29:35","Nils","Johnson","56862 Cassidy Bypass","East Jameychester","NH","97874-3551","","(347)-412-5915","(347)-412-5915","control"
"4465","37112830JJNWWSWH","2014.01.21 14:59:23","Francis","Reinger","212 Sincere Highway","South Roelberg","LA","89423","sarahwilson0000001@hotmail.com","(520)-233-4711","(520)-233-4711","test"
"4504","81250302IVJBVFQN","2014.01.21 18:18:58","Myron","","","","","","","(443)-104-1460","(443)-104-1460","test"
"4505","39541908ORBXYMYJ","2014.01.21 18:26:14","Maegan","Macejkovic","","","GA","","","(443)-900-9055","(443)-900-9055","test"
"4509","79088836FRKPVSCN","2014.01.21 18:47:47","Iliana","Roob","","","ME","","","(360)-306-5132","(360)-306-5132","test"
"4544","11787571TBZSOISX","2014.01.21 21:35:12","Dolly","","","","IA","","","(617)-996-4849","(617)-996-4849","test"
"4557","03333210EWRWZHYA","2014.01.21 22:34:33","Danyka","","","","","","","(361)-836-8617","(361)-836-8617","control"
"4599","42048763DFXHZJEY","2014.01.22 02:03:04","Herminio","","","","","","","(209)-512-7516","(209)-512-7516","test"
"4609","99426446OQZDSRWM","2014.01.22 02:49:54","Rylan","","","","ND","","","(412)-699-8447","(412)-699-8447","test"
"4633","42428105YUOXDJUG","2014.01.22 04:51:35","Emile","","","","","","","(430)-978-9450","(430)-978-9450","test"
"4665","51494184LKSJUYUP","2014.01.22 07:29:13","Rosa","","","","NC","","","(270)-953-7089","(270)-953-7089","control"
"4676","54251400LRERNOIC","2014.01.22 08:29:15","Maribel","","","","","","","(518)-063-2230","(518)-063-2230","test"
"4683","14815780FZJYBDJI","2014.01.22 09:04:54","Vivienne","","","","WY","","","(352)-696-8658","(352)-696-8658","test"
"4686","08571337JDLKCDWB","2014.01.22 09:21:15","Aidan","Greenholt","","","","","","(901)-631-5470","(901)-631-5470","test"
"4687","14559984OIXOSXRD","2014.01.22 09:27:37","Selena","","","","","","","(479)-434-4751","(479)-434-4751","test"
"4716","36094844CWYCPGSG","2014.01.22 11:49:50","Mohamed","Funk","","","IN","53109","","(727)-982-2032","(208)-298-7384","test"
"4724","33486724QXYTMOBP","2014.01.22 12:30:50","Madelynn","","","","","","","(919)-112-3097","(919)-112-3097","control"
"4736","83652058ZWIKYLEO","2014.01.22 13:33:23","Sylvester","","","","","","","(863)-149-4009","(863)-149-4009","test"
"4756","06779516LZYUKSNF","2014.01.22 15:09:11","","","","","","","","(878)-979-4443","(878)-979-4443","control"
"4783","06347532WAOWUTLI","2014.01.22 17:30:04","Alvis","","","","SD","77172","","(217)-297-0510","(575)-116-0515","test"
"4789","66193551WESPQTOL","2014.01.22 18:00:14","","","","","","","","(435)-595-8626","(435)-595-8626","test"
"4809","45477438KDHWLKAF","2014.01.22 19:35:29","Valerie","Collier","","","","","","(507)-332-8040","(507)-332-8040","test"
"4834","46718669JYGGTIFL","2014.01.22 21:37:03","","","","","","","","(970)-015-7720","(970)-015-7720","control"
"4880","32103307LIVKSAQN","2014.01.23 01:27:19","Brice","","","","","","","(929)-036-8291","(929)-036-8291","control"
"4911","86797152EZMFIMFO","2014.01.23 03:54:10","Thalia","Hansen","","","NH","","","(559)-964-6851","(559)-964-6851","control"
"4924","27788732YJVOAMDT","2014.01.23 05:01:44","Sofia","","","","WY","","","(907)-329-8492","(907)-329-8492","test"
"4976","55146643EDQRLSMJ","2014.01.23 09:09:08","Polly","","","","","","","(212)-868-1625","(212)-868-1625","control"
"4981","89977884WRAYAPTP","2014.01.23 09:29:59","Sigmund","Vandervort","","Port Shanon","NH","47002","carrier@petronas-oilcompanymy.com","(405)-440-6414","(405)-440-6414","test"
"4988","68276275RBPHMSCH","2014.01.23 10:02:00","Ignatius","Considine","584 Dorothy Station","West Margarettafort","SC","88261","","(419)-288-3902","(940)-740-8894","test"
"5029","77897281HKLZJSQK","2014.01.23 13:21:08","Agnes","Witting","","","","","jaindabor1@att.net","(916)-649-9855","(916)-649-9855","test"
"5068","72833597FOAWFHOU","2014.01.23 16:39:07","Beau","Frami","","","NV","","","(804)-011-1865","(804)-011-1865","test"
"5073","97078725WIXPIGGZ","2014.01.23 17:04:53","Alexanne","Douglas","","","","","","(507)-644-2634","(507)-644-2634","control"
"5078","90075366YPKKSGMY","2014.01.23 17:29:33","Katrina","Batz","","","RI","","","(540)-247-6816","(540)-247-6816","test"
"5085","14961736DYWMDGWT","2014.01.23 18:04:37","Jeff","Stehr","","","","","","(682)-322-4645","(682)-322-4645","control"
"5095","05800012NIQXKJRC","2014.01.23 18:53:05","Abbie","","","","","","","(479)-863-1260","(479)-863-1260","test"
"5114","94927773KXYNWMFC","2014.01.23 20:40:13","Nora","","","","","","","(405)-610-0391","","control"
"5147","12346491QPUPCZIG","2014.01.23 23:31:33","Maxie","","","","","","","(609)-525-3875","(609)-525-3875","test"
"5150","09931778JDHGHZLS","2014.01.23 23:47:40","Ubaldo","","","","NH","","","(215)-838-3760","(215)-838-3760","control"
"5249","02235799WDYHKMSQ","2014.01.24 08:03:06","Hosea","Medhurst","","","","","","(973)-407-0128","(973)-407-0128","test"
"5291","47715996RNVKMVBG","2014.01.24 11:44:20","Orlando","","","","AK","","","","(225)-961-2579","test"
"5355","74707835ITWIWMSJ","2014.01.24 16:48:05","Melissa","Reichert","","","","","","","(361)-368-4424","test"
"5358","30572700NMTAWKNZ","2014.01.24 17:04:43","Ahmad","Stamm","","","OR","","","","(229)-064-7910","control"
"5369","88012570XNZQOVJI","2014.01.24 18:02:03","Henri","Monahan","","","IA","","","","(662)-821-8292","test"
"5396","12907692KCZHBRZB","2014.01.24 20:19:25","Otto","","","","HI","","","","(231)-716-1260","test"
"5414","04905257BJIHBYUV","2014.01.24 21:41:17","Adonis","","","","","","","","(724)-400-8239","test"
"5430","41369266QNHWRRGR","2014.01.24 23:04:08","Lesly","Connelly","","","HI","","","","(281)-080-3031","test"
"5491","58352989GBAVEWQZ","2014.01.25 04:13:50","Jefferey","Hintz","","","","","stargate6@cox.net","","(512)-953-3018","test"
"5520","05363380ZPGOUDDB","2014.01.25 06:38:38","Morris","","","","","","","","(870)-767-5805","test"
"5523","87562584WQMNOHWX","2014.01.25 06:55:32","Daren","","","","","","","","(260)-521-6631","test"
"5539","38321245JZYHUYTT","2014.01.25 08:14:58","Marie","","","","","","","","(724)-018-8769","test"
"5553","67658305JXHXWPTT","2014.01.25 09:27:07","Zander","O'Keefe","15503 Walker Ferry","Hackettberg","OH","40272","reg.kares@club-internet.fr","","(214)-624-6310","test"
"5575","85513135SVKYCVOC","2014.01.25 11:16:16","Annamarie","Mraz","3812 Cummerata Mountain","Leilaborough","ND","50504","tranferfundunit_rbs@9.cn","","(602)-175-3466","control"
"5579","60029763UESVIFPK","2014.01.25 11:39:17","Dejuan","Langworth","","","IA","69307-2775","lasaterneuman@yahoo.co.in","","(360)-105-5574","test"
"5618","67777820TMLTYOKZ","2014.01.25 14:45:58","Audreanne","","","","","","","","(325)-153-0425","control"
"5642","91653232URWVWCYM","2014.01.25 16:48:48","Daisy","Hudson","","","NM","","claimlot_agent@aol.nl","","(947)-812-1463","test"
"5708","15468724COOVRDHQ","2014.01.25 22:31:20","Leone","","","","","","","","(619)-220-6203","test"
"5711","61683962UZQNVZUT","2014.01.25 22:46:33","Zita","","","","CA","","","","(951)-143-2550","test"
"5761","57278030ZHMEPPIX","2014.01.26 03:08:26","Lamar","","","","WA","","","","(850)-409-2153","control"
"5804","15493155STLMGQQT","2014.01.26 06:42:27","Simeon","","","","NJ","","","","(937)-065-4188","control"
"5805","64538656JNDVAIBU","2014.01.26 06:47:48","Juliet","","","","","","","","(458)-259-3127","test"
"5847","73394547QKBKWPXI","2014.01.26 10:19:37","Amparo","","","","","","","","(214)-412-6395","test"
"5871","59568624MYBKWWIR","2014.01.26 12:31:32","Valerie","","","","","","","","(406)-595-4976","test"
"5885","43640991BZXKQBVF","2014.01.26 13:47:07","Shanon","Lakin","","","NY","","","(916)-721-5307","(916)-721-5307","control"
"5899","77169715JUKXATFD","2014.01.26 14:49:55","Florida","","","","","","","(502)-923-7583","(502)-923-7583","test"
"5912","06810719TQDOXQQU","2014.01.26 15:53:10","Berniece","Mertz","932 Pagac Orchard","Sterlingmouth","VA","36305-6556","rhornsby35@yahoo.com.hk","(415)-442-3004","(224)-993-1086","test"
"5917","32917633HOSCTTYC","2014.01.26 16:20:58","Pierre","","","","SC","","","(413)-335-1175","(413)-335-1175","test"
"5933","44088909JNEJUDAH","2014.01.26 17:38:39","Heidi","Skiles","","","IL","","","(602)-231-6701","(602)-231-6701","test"
"5987","48611925IBHFKZWA","2014.01.26 21:58:35","Elody","","","","","","","(754)-347-4360","(754)-347-4360","control"
"5995","66965763UXLFRXFO","2014.01.26 22:36:50","Antonina","","","","","","barclays_varley@sify.com","(785)-784-4324","(785)-784-4324","test"
"6007","92739916CSAAHXRV","2014.01.26 23:36:43","Helene","","","","MO","","","(601)-915-5946","(601)-915-5946","test"
"6042","88591033TYKJXGYC","2014.01.27 02:30:20","Enrique","Swift","","","OH","74717-6541","","","(940)-075-1080","test"
"6047","56833561YNNNUMKC","2014.01.27 02:54:00","Sophie","","","","KS","","","","(347)-450-0874","test"
"6162","97094819SOIQHNDU","2014.01.27 12:19:34","Oswald","","","","KS","","","","(207)-726-7898","test"
"6231","45929382YMURKJTJ","2014.01.27 18:09:33","Calista","Grimes","","","AZ","62538-9937","","","(941)-236-4016","test"
"6288","84117056YLZBHBUR","2014.01.27 22:48:59","Jany","","","","","","","(650)-733-3149","(650)-733-3149","test"
"6311","75903472JJHBHXLP","2014.01.28 00:55:21","Elroy","","","","","","","(269)-387-9928","(269)-387-9928","test"
"6323","30237334IOQWNPYS","2014.01.28 01:57:51","Raven","Dooley","","","","42103","akuna20@dodo.com.au","(810)-509-0925","(810)-509-0925","control"
"6358","01367487JIJFEBUP","2014.01.28 04:56:46","Astrid","","","","","","","(925)-079-5836","(925)-079-5836","test"
"6410","21038246TJAPGCIR","2014.01.28 09:06:08","Myles","","","","","","","(405)-894-3424","(405)-894-3424","test"
"6429","52526256KAHRUQIN","2014.01.28 10:38:47","Bessie","","","","","","","(703)-184-3722","(703)-184-3722","control"
"6441","36128161CPWPEUPL","2014.01.28 11:43:29","Tobin","","","","","","","(267)-408-3706","(267)-408-3706","test"
"6460","96204418TWNMTEIX","2014.01.28 13:15:46","Mikayla","Erdman","","","ME","","tina_jane001@yahoo.co.jp","(862)-833-5552","(862)-833-5552","test"
"6479","38530469CYJAQWWC","2014.01.28 14:46:36","Darrin","","","","VA","","","(508)-893-2200","(774)-200-9479","test"
"6499","85505728XUBCVNZH","2014.01.28 16:21:15","Janie","","","","","","","(848)-788-2809","(848)-788-2809","test"
"6500","69161301GXCXTXCK","2014.01.28 16:27:09","Tad","","","","","","","(719)-306-4983","(719)-306-4983","test"
"6558","73137892NJKWKTSF","2014.01.28 21:16:16","Adrain","Rippin","","","","","","(530)-632-6408","(530)-632-6408","test"
"6562","56817372NOWXHZPK","2014.01.28 21:35:57","Stanton","","","","","","","(804)-359-9484","(804)-359-9484","control"
"6617","53679491YBKFNACM","2014.01.29 02:00:51","Morgan","Schmitt","520 Aaron Way","Beahanburgh","KY","39103-2874","south2010ss@avasmail.com.mv","(406)-299-4331","(406)-299-4331","test"
"6626","07630735YPABAVDR","2014.01.29 02:47:33","Rahul","","","","NC","","","(252)-198-7164","(252)-198-7164","test"
"6640","92632557YPLIOXSB","2014.01.29 04:03:38","Mohamed","","","","","","","(520)-374-5001","(520)-374-5001","test"
"6642","75692880UKBONSXX","2014.01.29 04:15:14","Norbert","Howell","","","","","","(563)-504-7968","(563)-504-7968","control"
"6645","28502212AMSABBKV","2014.01.29 04:31:23","Cali","Block","","","CO","","jean_kouame005@yahoo.co.jp","(848)-797-0034","(848)-797-0034","control"
"6657","52920534ZTLRVSOC","2014.01.29 05:31:24","Hassie","Ondricka","","","WY","","","(781)-686-3597","(781)-686-3597","control"
"6715","09183365WJCPOUUH","2014.01.29 10:27:16","","","","","","","","(361)-805-8235","(361)-805-8235","test"
"6721","81947658KLKFQCCT","2014.01.29 10:53:36","Chaya","","","","","","","(682)-247-3415","(682)-247-3415","test"
"6751","40677016ECSMIJFO","2014.01.29 13:22:25","Willa","Berge","","","VA","","","(586)-857-9948","(586)-857-9948","test"
"6777","24202942GBVMAIOE","2014.01.29 15:28:47","Jack","","","","CA","","","(669)-337-3329","(669)-337-3329","test"
"6784","90824932TTIAUTGO","2014.01.29 16:06:53","Gennaro","","","","","","","(606)-723-9304","(606)-723-9304","test"
"6795","21374625YCFEAFDO","2014.01.29 17:08:59","Francisco","","","","MS","","","(707)-659-7448","(707)-659-7448","control"
"6799","19635451XAAVRRMN","2014.01.29 17:28:36","Eugenia","","","","","","","(678)-863-1579","(678)-863-1579","test"
"6866","62730636GVMOPSFR","2014.01.29 23:11:43","","","","","","","","(984)-609-4958","(984)-609-4958","test"
"6867","22792983ALIPFJZJ","2014.01.29 23:15:48","Louie","","","","WV","81714-7891","","(203)-383-0679","(413)-746-0707","test"
"6967","56110323USLWDFAE","2014.01.30 07:24:49","Sherwood","","","","","","","(586)-871-7578","(586)-871-7578","test"
"6976","79331929IRGMOPXX","2014.01.30 08:06:47","Mustafa","Reichel","","","","","mrcarlthomas001@gmail.com","(929)-392-8475","(929)-392-8475","test"
"6986","83358709NCFGPGAF","2014.01.30 08:56:52","Mariela","","","","","","","(251)-002-4139","(251)-002-4139","test"
"6988","30883848ZIARVRSQ","2014.01.30 09:06:15","","","","","GA","","","(714)-657-3339","(952)-954-4118","test"
"7031","76666145BEOPXPQX","2014.01.30 12:45:38","Sylvan","","","","","","","(661)-889-0772","(661)-889-0772","test"
"7032","44645164YXKKQXUN","2014.01.30 12:52:12","Ceasar","Buckridge","","","HI","","","(415)-148-2815","(415)-148-2815","test"
"7039","96563745LTJFWCJQ","2014.01.30 13:26:09","Justus","Pfannerstill","","","MN","","","(803)-956-0066","(803)-956-0066","test"
"7051","01254466WEFYPPHY","2014.01.30 14:29:58","Elias","Hammes","","","VA","","","(641)-444-9265","(641)-444-9265","test"
"7068","24956263EGRRNZHS","2014.01.30 15:54:01","Marcia","","","","","","","(321)-194-4022","(321)-194-4022","test"
"7096","79222550INSFQFPA","2014.01.30 18:01:31","Kamren","Bayer","933 Consuelo Walk","Leuschkefurt","TN","41410-7043","","(931)-046-4241","(931)-046-4241","test"
"7113","11107827CTIMJXYK","2014.01.30 19:26:34","Juwan","Abbott","8271 Shields Station","West Eliezer","MT","96670-7928","paulson2301@yahoo.co.uk","(956)-824-8452","(956)-824-8452","test"
"7132","67149817FWWMXUBI","2014.01.30 20:57:42","Kobe","Nolan","","","WV","","","(321)-679-3741","(321)-679-3741","test"
"7133","48660244CRIOJBXW","2014.01.30 21:01:25","Zelda","","","","DE","","","(920)-924-8443","(920)-924-8443","test"
"7185","47382687CXEPLOKM","2014.01.31 01:25:01","Ellsworth","","","","","","","(443)-412-2115","(443)-412-2115","control"
"7187","37336510KBWGWYZT","2014.01.31 01:37:35","Weldon","Ziemann","","","","","","(918)-955-5901","(918)-955-5901","control"
"7216","86705527KQIBTBEC","2014.01.31 03:54:03","Lindsay","Kuhic","","New Rogersburgh","NE","83031","","(206)-380-2405","(206)-380-2405","control"
"7226","29470178SDUDGWRY","2014.01.31 04:41:03","Dahlia","","","","MA","","","(531)-452-3450","(531)-452-3450","test"
"7244","05316349LUTRWLTR","2014.01.31 06:12:05","Mervin","Tremblay","","","RI","","","(810)-259-3963","(810)-259-3963","test"
"7278","90919089ZNRZOKAW","2014.01.31 09:10:17","Celestino","","","","","","","(662)-490-3472","(662)-490-3472","test"
"7280","81226002XZATBGRL","2014.01.31 09:19:44","Antonina","Conn","","","","","mrs.roselinegupta1@gmail.com","(530)-188-8208","(530)-188-8208","test"
"7292","01422500IJZCHFXR","2014.01.31 10:19:47","Luna","Langworth","","","AR","49777","gaminghouseunit1@gmail.com","(501)-890-5491","(947)-290-9846","test"
"7330","29676840WMADSRHK","2014.01.31 13:25:44","Adrian","","","","","","","(814)-250-4619","(814)-250-4619","test"
"7370","81801918BMCTGPZK","2014.01.31 16:47:38","","","","","","","","(765)-788-0104","(765)-788-0104","test"
"7406","18169453RQNJDGRU","2014.01.31 19:42:48","Trevion","Lind","","","WV","","","","(916)-111-1089","control"
"7411","15102981OVAZRMMD","2014.01.31 20:05:43","Mathilde","","","","CO","","","","(360)-867-0868","control"
"7416","75927952XJAPLAPJ","2014.01.31 20:30:05","Tremaine","","","","TN","","","","(937)-997-8014","test"
"7420","38883852KBLJDZRM","2014.01.31 20:51:06","Misty","Schumm","","","MS","13501","","","(769)-573-9642","test"
"7431","44247634GREGABSS","2014.01.31 21:45:40","Carli","","","","","","","","(470)-566-7155","test"
"7540","49367038IMHSETDT","2014.02.01 06:38:52","Nadia","Langworth","","","","","","","(830)-844-3116","control"
"7547","55271288LSZVXNDN","2014.02.01 07:11:59","Lexi","Purdy","","","CA","90496","sarafnaden@yahoo.cn","","(678)-004-6224","test"
"7563","59514705BPXPNSYA","2014.02.01 08:37:16","Tito","Hartmann","","","UT","50168","emily.queen22@yahoo.com","","(860)-434-6592","test"
"7673","43423964JLQKANEH","2014.02.01 18:08:43","Rhiannon","Wiegand","","","","","","(772)-667-5196","(772)-667-5196","test"
"7701","34978944LNUPHHYT","2014.02.01 20:36:01","Rusty","","","","AR","","","(980)-161-8260","(980)-161-8260","control"
"7706","58930960VHBAQCMU","2014.02.01 21:00:01","Alexandrine","Mann","","","MA","","","(858)-949-5114","(360)-425-0780","test"
"7720","34611398KGWJBJUG","2014.02.01 22:13:19","Jarrett","","","","NE","","","(228)-321-3425","(228)-321-3425","control"
"7723","10198361XWKMEISG","2014.02.01 22:32:03","Garrett","","","","","","","(425)-445-6828","(425)-445-6828","test"
"7728","15193938RBFNARUA","2014.02.01 22:55:26","Rigoberto","","","","PA","","","(920)-858-1368","(920)-858-1368","test"
"7729","57607429WXWNYXLA","2014.02.01 23:00:43","Uriel","","","","AK","","","(808)-928-2785","(808)-928-2785","test"
"7768","52133352SGVMGXLM","2014.02.02 02:08:21","Glenda","","","","HI","","","(940)-131-4614","(940)-131-4614","test"
"7782","74870811GRIGHZTC","2014.02.02 03:18:12","Sandy","Farrell","99340 Jailyn Cliffs","Ruthestad","NC","90108-0731","aliceeochinyan@gmail.com","(660)-195-8268","(660)-195-8268","test"
"7795","54838992SUEKQPHL","2014.02.02 04:19:21","Cleveland","","","","VA","","","(330)-572-1011","(330)-572-1011","control"
"7899","74902623XKZBWIYC","2014.02.02 13:07:07","Layla","Bradtke","","","","","egio12345@gmail.com","(817)-611-2135","(817)-611-2135","test"
"7934","44697959JFYISHWU","2014.02.02 15:54:45","Mortimer","Effertz","","","VT","","","(717)-965-5247","(717)-965-5247","test"
"7946","72885012HXMXNMOA","2014.02.02 16:59:05","Icie","Brakus","19244 Jovany Ways","Boscoborough","SC","29478","tntcourierexpressdeliverycompany@yahoo.in","(913)-732-0087","(913)-732-0087","test"
"8023","72095235PIIKKSYF","2014.02.02 23:37:18","Tyshawn","","","","AL","","","(973)-947-3262","(973)-947-3262","test"
"8041","58520033IRVBLAED","2014.02.03 01:06:54","Ramona","Bahringer","","","SC","","","(417)-664-5743","(417)-664-5743","test"
"8082","00855807CZORDQYS","2014.02.03 04:22:12","Jerad","McDermott","","","","","","(609)-021-9967","(609)-021-9967","test"
"8096","99013147UOKBUQKI","2014.02.03 05:29:36","Simone","","","","RI","","","(443)-050-7438","(443)-050-7438","test"
"8105","15536216FXDECXRF","2014.02.03 06:17:52","Mariam","","","","","","","(979)-808-3492","(979)-808-3492","test"
"8135","99999205YRSSYIHS","2014.02.03 08:45:30","Noemy","","","","NC","","","(319)-555-0156","(319)-555-0156","test"
"8220","77724310MBAVMSEQ","2014.02.03 15:45:13","Haylie","Kub","","","","","","(870)-461-0079","(870)-461-0079","test"
"8249","32404227UDOVEJFT","2014.02.03 18:12:34","Urban","","","","SC","","","(909)-846-4261","(909)-846-4261","test"
"8252","73146393ZWTZJMCA","2014.02.03 18:25:23","Brando","Hamill","","","VA","","","(229)-325-4154","(229)-325-4154","test"
"8259","49182809HBEPTBVE","2014.02.03 18:56:38","Yasmin","Cormier","","","","","","(715)-156-8706","(763)-873-1325","test"
"8346","56318454PXAJQLOM","2014.02.04 02:02:51","Sylvan","","","","CO","","","(860)-431-8464","(860)-431-8464","test"
"8366","48490813VMJDMGBJ","2014.02.04 03:39:27","Augustus","","","","","","","(301)-536-4656","(301)-536-4656","control"
"8401","95397131YWMJZZWQ","2014.02.04 06:45:04","Lauren","","","","NC","","","(331)-741-8549","(331)-741-8549","test"
"8411","52867482KJPNFZNV","2014.02.04 07:34:02","Travis","Jacobi","857 Wehner Run","East Destin","OR","25359-5129","jacksoncarloslawchambers@gmail.com","(859)-644-9808","(562)-917-1509","test"
"8419","33586267EDPFXNJK","2014.02.04 08:11:04","Flossie","","","","","","","(801)-348-1912","(801)-348-1912","control"
"8426","04545817QGVBATII","2014.02.04 08:47:14","Brielle","Wisoky","","","TN","","hassan_hoque200@live.co.uk","(386)-827-0369","(386)-827-0369","control"
