"","Caller_ID","Session","First_Name","Last_Name","Street","City","Address","Zipcode","Email","Incoming_Phone","Contact_Phone","Test_Control","In_Co","In_Em"
"456","69625571RPKIIQVF","2014.02.05 23:11:49","George","McLaughlin","","Medhursthaven","WI","34914-7022","sanusi.lamido.cbncontact@mountaineers.com","(830)-998-3332","(830)-998-3332","test","(830)-998-3332(830)-998-3332","(830)-998-3332sanusi.lamido.cbncontact@mountaineers.com"
"471","94500711CLZMMVUY","2014.02.06 00:22:31","Hector","Frami","","","GA","14607","claimdptnl1@aol.com","(775)-329-0338","(775)-329-0338","test","(775)-329-0338(775)-329-0338","(775)-329-0338claimdptnl1@aol.com"
"506","25499759SMZUVQET","2014.02.06 03:23:16","Jane","Stoltenberg","","","CO","","office04@yahoo.com.ph","(248)-549-8764","(248)-549-8764","test","(248)-549-8764(248)-549-8764","(248)-549-8764office04@yahoo.com.ph"
"591","64215271KNLJKYNX","2014.02.06 10:20:37","Brigitte","Runte","","","NM","29740-6847","esqharsmith2015@gmail.com","(916)-824-7278","(916)-824-7278","test","(916)-824-7278(916)-824-7278","(916)-824-7278esqharsmith2015@gmail.com"
"672","97293531NBAEFYSP","2014.02.06 17:26:50","Breanna","","","","MA","","","(878)-091-4844","(878)-091-4844","control","(878)-091-4844(878)-091-4844","(878)-091-4844"
"817","10567329AIBNFENW","2014.02.07 05:45:07","Archibald","Von","","","ND","10475-6593","halliburton.gas.oil.cop@gmail.com","(803)-748-6444","(803)-748-6444","test","(803)-748-6444(803)-748-6444","(803)-748-6444halliburton.gas.oil.cop@gmail.com"
"512","31076302JANNOYDY","2014.02.06 03:56:59","Shanel","Huels","","","NE","","","(785)-484-8767","(785)-484-8767","test","(785)-484-8767(785)-484-8767","(785)-484-8767"
"1155","16940010KKNBCJPB","2014.02.08 09:31:51","Madisen","Mraz","","","MT","68423-8924","","(281)-070-8378","(281)-070-8378","test","(281)-070-8378(281)-070-8378","(281)-070-8378"
"1262","37309570RBWHQMUI","2014.02.08 18:32:20","Barrett","","","","AR","75580","","(559)-167-2666","(559)-167-2666","test","(559)-167-2666(559)-167-2666","(559)-167-2666"
"4026","08371311PHXUUKUL","2014.02.18 06:21:11","Lessie","Brakus","","","LA","","willsonsmithinvestmentfirm@gmail.com","(252)-581-4857","(252)-581-4857","test","(252)-581-4857(252)-581-4857","(252)-581-4857willsonsmithinvestmentfirm@gmail.com"
"7277","50961018BMIHORNK","2014.03.01 12:53:36","Willow","Jaskolski","","","","","","(234)-894-6883","(234)-894-6883","test","(234)-894-6883(234)-894-6883","(234)-894-6883"
"1883","60069770MEEGXGBY","2014.02.10 22:02:54","Karine","","","","AK","","","(719)-597-3561","(719)-597-3561","test","(719)-597-3561(719)-597-3561","(719)-597-3561"
"2072","90552453CGEXLBJJ","2014.02.11 13:19:36","Mayra","Herman","","","PA","79503","mrschunny@interfree.it","(505)-193-9110","(505)-193-9110","test","(505)-193-9110(505)-193-9110","(505)-193-9110mrschunny@interfree.it"
"7294","07387818CELVCAPJ","2014.03.01 14:22:02","Maya","Will","","","","","info_drbenke77@yahoo.fr","(567)-550-9064","(567)-550-9064","test","(567)-550-9064(567)-550-9064","(567)-550-9064info_drbenke77@yahoo.fr"
"3183","30449689LKUKXJZN","2014.02.15 09:22:40","Novella","","","","","","","(919)-514-5357","(919)-514-5357","control","(919)-514-5357(919)-514-5357","(919)-514-5357"
"1003","87785059XUUJUAZB","2014.02.07 21:06:54","Franz","Kuphal","","","OR","41146","dr.johnattan@yahoo.com","(949)-862-6767","(949)-862-6767","test","(949)-862-6767(949)-862-6767","(949)-862-6767dr.johnattan@yahoo.com"
"3416","74095147MHUVTLTA","2014.02.16 04:42:55","Lelah","Mayer","","","VT","19395-3587","","(762)-774-8176","(762)-774-8176","test","(762)-774-8176(762)-774-8176","(762)-774-8176"
"1319","14865280MQFCVJIO","2014.02.08 23:18:27","Lowell","Hettinger","","","NJ","97867","nanajohnsama5@zing.vn","(734)-619-0937","(734)-619-0937","test","(734)-619-0937(734)-619-0937","(734)-619-0937nanajohnsama5@zing.vn"
"3840","01732750XPMGHZGU","2014.02.17 15:11:53","Theresa","Hilpert","","","PA","93888-6984","fmf2008@live.com","(401)-170-7463","(401)-170-7463","test","(401)-170-7463(401)-170-7463","(401)-170-7463fmf2008@live.com"
"4879","09607149WDKBQSXP","2014.02.21 05:06:38","Naomie","Haley","","","TX","","","(878)-618-7095","(878)-618-7095","test","(878)-618-7095(878)-618-7095","(878)-618-7095"
"2024","10986696LYRIDSZR","2014.02.11 09:25:51","Aimee","Cummerata","","","TN","","","(845)-709-6528","(845)-709-6528","control","(845)-709-6528(845)-709-6528","(845)-709-6528"
"4695","83647757YYGOIEBF","2014.02.20 13:47:15","Cullen","Hettinger","","","PA","69479-4067","directorsammadomar@live.com","(786)-313-1986","(786)-313-1986","control","(786)-313-1986(786)-313-1986","(786)-313-1986directorsammadomar@live.com"
"3604","84265433RLCPOZWQ","2014.02.16 19:54:49","Magali","Anderson","","","MS","88722","global_max_delivery_company01@yahoo.fr","(661)-534-4624","(661)-534-4624","control","(661)-534-4624(661)-534-4624","(661)-534-4624global_max_delivery_company01@yahoo.fr"
"2878","12565634DGUPDSJU","2014.02.14 08:33:45","Jordy","Smith","","","OR","","","(716)-732-5150","(716)-732-5150","test","(716)-732-5150(716)-732-5150","(716)-732-5150"
"5038","16857646EYBWOOQP","2014.02.21 18:29:47","Sydnie","Reynolds","","Lake Palma","KY","59270","headquartersdayzers@rocketmail.com","(657)-850-1025","(657)-850-1025","test","(657)-850-1025(657)-850-1025","(657)-850-1025headquartersdayzers@rocketmail.com"
"4593","68197426EBZIKIBC","2014.02.20 05:44:16","Estelle","Weissnat","","","","65258","","(605)-839-9561","(605)-839-9561","test","(605)-839-9561(605)-839-9561","(605)-839-9561"
"11677","87807252FKYRELWO","2014.03.16 19:47:42","Kylee","","","","","","","(989)-399-8380","(989)-399-8380","test","(989)-399-8380(989)-399-8380","(989)-399-8380"
"5353","20602857JBARIHXL","2014.02.22 20:34:04","Mekhi","Lakin","","","MD","","david.blancher2@live.fr","(985)-445-5188","(985)-445-5188","test","(985)-445-5188(985)-445-5188","(985)-445-5188david.blancher2@live.fr"
"5739","33754516NFTZOOXX","2014.02.24 04:18:45","Francisca","Zieme","","","CO","","","(954)-122-3708","(954)-122-3708","test","(954)-122-3708(954)-122-3708","(954)-122-3708"
"5410","71209840RGBNIUWJ","2014.02.23 01:05:13","Adella","Fritsch","","","MA","","","(714)-036-9762","(714)-036-9762","test","(714)-036-9762(714)-036-9762","(714)-036-9762"
"2694","65855256HZJJDDOZ","2014.02.13 17:28:02","Alec","Pacocha","","","TX","","sani_alii@yahoo.fr","(205)-761-0334","(205)-761-0334","test","(205)-761-0334(205)-761-0334","(205)-761-0334sani_alii@yahoo.fr"
"1304","52083852XJXNOUUL","2014.02.08 22:02:35","Dustin","Gutmann","625 Kellie Shoal","Reichelshire","WY","66394-5183","mr_james_115@hotmail.fr","(561)-365-3975","(561)-365-3975","control","(561)-365-3975(561)-365-3975","(561)-365-3975mr_james_115@hotmail.fr"
"15139","62075081ZDWPHFJR","2014.04.02 07:15:18","Mateo","Pfannerstill","","","PA","32208-9054","mrstheresankoyo@y7mail.com","(320)-658-1129","(320)-658-1129","test","(320)-658-1129(320)-658-1129","(320)-658-1129mrstheresankoyo@y7mail.com"
"6276","52642142AHZMJHTK","2014.02.26 01:03:59","Anne-Test-ID-6523","WebTest","","","CA","84043","","(641)-916-8906","(641)-916-8906","test","(641)-916-8906(641)-916-8906","(641)-916-8906"
"4759","13986795IUNSPKUB","2014.02.20 19:11:35","Enoch","VonRueden","957 Wilfrid Lights","South Ray","NV","31361","ssuzzankkamara@yahoo.in","(863)-042-2682","(863)-042-2682","control","(863)-042-2682(863)-042-2682","(863)-042-2682ssuzzankkamara@yahoo.in"
"6691","82731750QXKCJLGL","2014.02.27 11:47:48","Courtney","Abbott","","","OK","79833","paymentdept_2007@yahoo.co.uk","(814)-909-7029","(814)-909-7029","test","(814)-909-7029(814)-909-7029","(814)-909-7029paymentdept_2007@yahoo.co.uk"
"6722","64129665JUXYAYHH","2014.02.27 14:19:35","Jody","Rath","","","MI","16229","savechildren.women@yahoo.com","(928)-086-6130","(928)-086-6130","test","(928)-086-6130(928)-086-6130","(928)-086-6130savechildren.women@yahoo.com"
"6816","37275078YKQLZPYQ","2014.02.27 22:18:48","Ottis","","","South Damianchester","OH","56428","","(337)-139-2177","(337)-139-2177","test","(337)-139-2177(337)-139-2177","(337)-139-2177"
"6808","14145380SOTHLGEO","2014.02.27 21:36:03","Alison","Stroman","","","MT","","rahim_abibu0024@hotmail.com","(913)-639-8234","(913)-639-8234","test","(913)-639-8234(913)-639-8234","(913)-639-8234rahim_abibu0024@hotmail.com"
"8480","45795514KYDIWNTP","2014.03.05 16:44:22","Ellen","","","South Fernando","OH","","","(772)-588-4836","(772)-588-4836","test","(772)-588-4836(772)-588-4836","(772)-588-4836"
"6909","92197541LTGPBCTI","2014.02.28 06:04:33","Angelita","Hills","","","IL","","pgomez1967@gmail.com","(516)-441-1290","(516)-441-1290","test","(516)-441-1290(516)-441-1290","(516)-441-1290pgomez1967@gmail.com"
"7362","75817025LKWSVLIZ","2014.03.01 20:02:45","Shanie","Hoeger","","","AZ","32741","kennyw341@gmail.com","(339)-243-9457","(947)-664-6736","test","(339)-243-9457(947)-664-6736","(339)-243-9457kennyw341@gmail.com"
"7525","73090984OULOYWZB","2014.03.02 09:18:40","Euna","","","","TN","59929","","(202)-668-3273","(202)-668-3273","test","(202)-668-3273(202)-668-3273","(202)-668-3273"
"7844","21911432FUIIXQMK","2014.03.03 11:41:11","Joy","Gottlieb","35359 Freida Island","Kuphalside","ID","43138","faithchuk@gmail.com","(520)-540-4716","(520)-540-4716","test","(520)-540-4716(520)-540-4716","(520)-540-4716faithchuk@gmail.com"
"8270","48235881SZTMBYCI","2014.03.04 22:50:11","Sophia","Welch","","","MT","15837","mont.fundscardpayment02@gmail.com","(504)-366-9806","(504)-366-9806","test","(504)-366-9806(504)-366-9806","(504)-366-9806mont.fundscardpayment02@gmail.com"
"9148","85666265LZNNNPZL","2014.03.08 00:21:12","Cristobal","O'Reilly","","","KY","","missericap@yahoo.com","(762)-589-9796","(762)-589-9796","test","(762)-589-9796(762)-589-9796","(762)-589-9796missericap@yahoo.com"
"8563","46023219BSVLYRZP","2014.03.05 23:29:53","Jaylin","","","","SC","84961-3621","","(318)-210-5831","(318)-210-5831","control","(318)-210-5831(318)-210-5831","(318)-210-5831"
"16558","85873659STRVMPPW","2014.04.07 05:33:08","Eloise","Steuber","","","CA","61626","claimofficesuperpluslot@gmail.com","(281)-921-6372","(281)-921-6372","test","(281)-921-6372(281)-921-6372","(281)-921-6372claimofficesuperpluslot@gmail.com"
"9348","60111416INZUXOZB","2014.03.08 17:10:21","Trent","Sipes","","","AZ","","nazekhariri12@yahoo.comDear","(716)-546-8316","(716)-546-8316","test","(716)-546-8316(716)-546-8316","(716)-546-8316nazekhariri12@yahoo.comDear"
"9791","27313702ZHAOJCPS","2014.03.10 07:07:04","Leonel","Huel","","","MN","21923-1060","","(719)-452-9987","(719)-452-9987","test","(719)-452-9987(719)-452-9987","(719)-452-9987"
"9820","14692714SXDMAOHO","2014.03.10 09:31:09","Liliane","","","","","","","(364)-095-9622","(364)-095-9622","test","(364)-095-9622(364)-095-9622","(364)-095-9622"
"1106","52984061FDNBHWHE","2014.02.08 05:31:54","Otis","Bayer","","","MA","39565-5889","collinzbrown07@yahoo.com","(214)-494-6662","(214)-494-6662","control","(214)-494-6662(214)-494-6662","(214)-494-6662collinzbrown07@yahoo.com"
"10213","04318842LNQXZRHJ","2014.03.11 17:43:53","Maudie","","","","NH","","","(831)-601-9395","(831)-601-9395","test","(831)-601-9395(831)-601-9395","(831)-601-9395"
"10419","48397926LZYSNGMI","2014.03.12 10:47:37","Lindsay","Welch","","","IL","91404-6603","johnkssi1971@emailclick.com","(762)-871-4822","(762)-871-4822","test","(762)-871-4822(762)-871-4822","(762)-871-4822johnkssi1971@emailclick.com"
"5543","05327774TDAMUYZQ","2014.02.23 11:54:22","Luciano","Waelchi","","","NJ","96472","saliu999@yahoo.fr","(313)-111-6410","(914)-540-3111","test","(313)-111-6410(914)-540-3111","(313)-111-6410saliu999@yahoo.fr"
"11043","45890926IVNUEULU","2014.03.14 14:32:22","Rigoberto","","","","SC","","","(570)-838-6529","(570)-838-6529","test","(570)-838-6529(570)-838-6529","(570)-838-6529"
"6523","83665231QXDBZWOY","2014.02.26 21:53:04","Lionel","Cartwright","","","MA","","","(978)-481-2855","(978)-481-2855","control","(978)-481-2855(978)-481-2855","(978)-481-2855"
"11093","82769579BISDNREM","2014.03.14 18:40:45","Clare","Schoen","","","IN","","","(669)-684-0036","(669)-684-0036","test","(669)-684-0036(669)-684-0036","(669)-684-0036"
"11184","94845235XSBYREVL","2014.03.15 02:16:58","Deon","Hammes","","","NJ","44322-6089","zentecltdagent@contractor.net","(415)-573-6475","(415)-573-6475","test","(415)-573-6475(415)-573-6475","(415)-573-6475zentecltdagent@contractor.net"
"6981","91448598GGDRORLH","2014.02.28 12:06:52","Jaquan","Deckow","","","FL","47481","emeruem_unionbank@tlen.pl","(870)-100-1627","(870)-100-1627","control","(870)-100-1627(870)-100-1627","(870)-100-1627emeruem_unionbank@tlen.pl"
"2141","08900044AUVVQFNL","2014.02.11 18:53:18","Josephine","Nienow","","","AR","26133","rev_paul@live.com","(646)-911-6551","(646)-911-6551","test","(646)-911-6551(646)-911-6551","(646)-911-6551rev_paul@live.com"
"18228","81217442ZHUKODJY","2014.04.14 18:12:41","Margarita","Schowalter","","","OK","77715","ingchunyliu@walla.com","(616)-613-2340","(810)-949-8052","test","(616)-613-2340(810)-949-8052","(616)-613-2340ingchunyliu@walla.com"
"11732","23509589WOAUFPDT","2014.03.17 00:33:32","Jeff-Test-ID-4213","WebTest","63971 Claire Points","South Abelland","CA","84043","","(209)-152-0436","(209)-152-0436","test","(209)-152-0436(209)-152-0436","(209)-152-0436"
"7740","98543123YORFEZNS","2014.03.03 03:16:29","Cecilia","McLaughlin","","","TN","61416-3801","","(308)-311-6129","(308)-311-6129","test","(308)-311-6129(308)-311-6129","(308)-311-6129"
"6876","72470549ZHXARTRI","2014.02.28 03:23:14","Benjamin","Goldner","5339 Hirthe Crossing","Dietrichborough","OR","50472-0280","atmcustomercare171@gmail.com","(352)-031-9389","(352)-031-9389","control","(352)-031-9389(352)-031-9389","(352)-031-9389atmcustomercare171@gmail.com"
"11834","56551102DRYSXUGQ","2014.03.17 08:59:59","Annamarie","Weber","","","IL","71131","jlhulen@yahoo.com.cn","(443)-104-1460","(443)-104-1460","test","(443)-104-1460(443)-104-1460","(443)-104-1460jlhulen@yahoo.com.cn"
"11852","25053734KZCZCSAS","2014.03.17 10:26:12","Junior","Franecki","2925 Walker Trail","Jerroldland","MN","52460","jamesmoyo2010@gmail.com","(360)-306-5132","(360)-306-5132","test","(360)-306-5132(360)-306-5132","(360)-306-5132jamesmoyo2010@gmail.com"
"11901","04727670JZFLXTMA","2014.03.17 14:29:11","Hazel","","","","","","","(617)-996-4849","(617)-996-4849","test","(617)-996-4849(617)-996-4849","(617)-996-4849"
"11979","61262303OPJWSMDV","2014.03.17 21:09:38","Drake","","","","DE","","","(209)-512-7516","(209)-512-7516","test","(209)-512-7516(209)-512-7516","(209)-512-7516"
"11993","53035610VNQVZIAG","2014.03.17 22:21:39","Baron","","","","","","","(412)-699-8447","(412)-699-8447","test","(412)-699-8447(412)-699-8447","(412)-699-8447"
"12040","80444742OILYHOAB","2014.03.18 02:07:29","Max","Hermiston","","","IA","","ecsynagogue@btconnect.com","(430)-978-9450","(430)-978-9450","test","(430)-978-9450(430)-978-9450","(430)-978-9450ecsynagogue@btconnect.com"
"2526","45990654JSADBAFM","2014.02.13 03:11:31","Lennie","","","","WI","","","(863)-149-4009","(863)-149-4009","test","(863)-149-4009(863)-149-4009","(863)-149-4009"
"12382","65546331DWNHGPSH","2014.03.19 06:39:03","Sedrick","Prosacco","","","AL","57625","jane-wong1@live.com","(878)-979-4443","(878)-979-4443","control","(878)-979-4443(878)-979-4443","(878)-979-4443jane-wong1@live.com"
"12397","29227311QTFNKMUJ","2014.03.19 07:59:58","Alessandra","Nikolaus","","","DE","34994","mr.chen063@hotmail.com","(217)-297-0510","(575)-116-0515","test","(217)-297-0510(575)-116-0515","(217)-297-0510mr.chen063@hotmail.com"
"12425","31562987OYYYWAZK","2014.03.19 10:25:05","Ali","Spencer","","","CT","31758","","(435)-595-8626","(435)-595-8626","test","(435)-595-8626(435)-595-8626","(435)-595-8626"
"6252","09560956TIZULNEC","2014.02.25 23:04:04","Adrain","","","","MN","","","(929)-036-8291","(929)-036-8291","control","(929)-036-8291(929)-036-8291","(929)-036-8291"
"12610","23586873NAJEPRAM","2014.03.20 01:36:57","Delores","","","","MD","","","(212)-868-1625","(212)-868-1625","control","(212)-868-1625(212)-868-1625","(212)-868-1625"
"12000","29322511JEJCIVEN","2014.03.17 22:52:42","Leatha","Eichmann","","","AZ","29147","atlantico.manager2009@gmail.com","(682)-322-4645","(682)-322-4645","control","(682)-322-4645(682)-322-4645","(682)-322-4645atlantico.manager2009@gmail.com"
"13230","17998282DKKDQBMM","2014.03.22 05:10:37","Leonor","Collier","","","","","","(215)-838-3760","(215)-838-3760","control","(215)-838-3760(215)-838-3760","(215)-838-3760"
"17840","77145296ATGFCDXE","2014.04.12 13:07:48","Theodora","Cartwright","","","OH","48819","revwisdomsmith2011@live.com","","(414)-589-6618","test","(414)-589-6618","revwisdomsmith2011@live.com"
"14861","83629918NJDXYEIF","2014.04.01 08:05:13","Keshawn","Metz","78244 Maximilian Run","Rosenbaumville","NH","99430","reg.kares@club-internet.fr","(214)-624-6310","","test","(214)-624-6310","(214)-624-6310reg.kares@club-internet.fr"
"12479","35814969OVOOXENX","2014.03.19 14:58:36","Larue","Turner","","","NJ","14617-0054","claims_pga12@live.com","(602)-175-3466","","control","(602)-175-3466","(602)-175-3466claims_pga12@live.com"
"3016","35504287IJUZKWGG","2014.02.14 19:45:30","Vince","Cruickshank","","","NC","60110","ipbn2006@web2mail.com","(502)-923-7583","(502)-923-7583","test","(502)-923-7583(502)-923-7583","(502)-923-7583ipbn2006@web2mail.com"
"14266","75837427SVAAXVWY","2014.03.29 04:16:10","Therese","","","","OK","","","(413)-335-1175","(413)-335-1175","test","(413)-335-1175(413)-335-1175","(413)-335-1175"
"14788","58699394YEJHGLLW","2014.04.01 02:06:12","Mackenzie","Ward","","","GA","11491-7625","chrisalabi775@gmail.com","(269)-387-9928","(269)-387-9928","test","(269)-387-9928(269)-387-9928","(269)-387-9928chrisalabi775@gmail.com"
"9283","96573641NRVCRYML","2014.03.08 11:43:51","Rory","Harvey","","","TX","","info_westernunion2@yahoo.com","(405)-894-3424","(405)-894-3424","test","(405)-894-3424(405)-894-3424","(405)-894-3424info_westernunion2@yahoo.com"
"15315","36636076ASUIBUUV","2014.04.02 21:49:06","Pietro","Zemlak","","","GA","","","(804)-359-9484","(804)-359-9484","control","(804)-359-9484(804)-359-9484","(804)-359-9484"
"14994","76055950KKAJORVV","2014.04.01 19:17:59","Arthur","Powlowski","","","NH","74672","jean_kouame005@yahoo.co.jp","(848)-797-0034","(848)-797-0034","control","(848)-797-0034(848)-797-0034","(848)-797-0034jean_kouame005@yahoo.co.jp"
"15773","08533322CEFVEYNC","2014.04.04 11:35:17","Dustin","Bradtke","","","OH","","","(361)-805-8235","(361)-805-8235","test","(361)-805-8235(361)-805-8235","(361)-805-8235"
"885","54404934SVRIZNUO","2014.02.07 11:15:38","Dee","Marks","","","WI","19337-2962","greenstarexpress@whitianga.com","(682)-247-3415","(682)-247-3415","test","(682)-247-3415(682)-247-3415","(682)-247-3415greenstarexpress@whitianga.com"
"14183","38719612ZZTKMVBP","2014.03.28 21:17:31","Jacquelyn","Pfannerstill","5434 Hickle Ramp","Hassiefort","WV","18529","xxxxxxxxxxxxx20000@att.net","(386)-101-0410","","test","(386)-101-0410","(386)-101-0410xxxxxxxxxxxxx20000@att.net"
"16280","98217194KURGNHIE","2014.04.06 06:13:27","Peyton","","","","OR","54034","","(203)-383-0679","(413)-746-0707","test","(203)-383-0679(413)-746-0707","(203)-383-0679"
"15187","72461257ZNXLZBKZ","2014.04.02 11:14:57","Tatum","Beier","","","VT","","willi4_c@yahoo.co.jp","(415)-148-2815","(415)-148-2815","test","(415)-148-2815(415)-148-2815","(415)-148-2815willi4_c@yahoo.co.jp"
"16707","22523283RJRHZXES","2014.04.07 18:15:19","Jamir","Champlin","","","IN","","","(803)-956-0066","(803)-956-0066","test","(803)-956-0066(803)-956-0066","(803)-956-0066"
"16799","39712705STMTSNCX","2014.04.08 01:59:55","Mac","Herzog","23908 Lavon Row","Lake Vedafort","HI","49334","lucygaloma@yahoo.com","(321)-194-4022","(321)-194-4022","test","(321)-194-4022(321)-194-4022","(321)-194-4022lucygaloma@yahoo.com"
"9969","25828496CZYCXWXU","2014.03.10 21:39:54","Kirk","Jacobson","7905 Champlin Springs","West Hardy","IN","95359","agent_williammoore_claims@yahoo.co.uk","(931)-046-4241","(931)-046-4241","test","(931)-046-4241(931)-046-4241","(931)-046-4241agent_williammoore_claims@yahoo.co.uk"
"17041","63752389LXPWZVPE","2014.04.08 22:07:38","Lorena","Howell","","","NY","","","(321)-679-3741","(321)-679-3741","test","(321)-679-3741(321)-679-3741","(321)-679-3741"
"17059","76410853CDWZOHFQ","2014.04.08 23:30:52","Demarcus","Stark","","","NV","","capt.dwood24@msn.com","(920)-924-8443","(920)-924-8443","test","(920)-924-8443(920)-924-8443","(920)-924-8443capt.dwood24@msn.com"
"17213","07590629NEHKDIPG","2014.04.09 12:14:09","Antwan","Boyle","","","NC","","","(810)-259-3963","(810)-259-3963","test","(810)-259-3963(810)-259-3963","(810)-259-3963"
"356","44548218UAMYOQNF","2014.02.05 14:59:50","Tara","Cummings","","","WA","22475","diplomabureau@mail2webmaster.com","(765)-788-0104","(765)-788-0104","test","(765)-788-0104(765)-788-0104","(765)-788-0104diplomabureau@mail2webmaster.com"
"14002","93249000EKPUYWLT","2014.03.27 16:09:02","Santos","Bayer","","","HI","73773-5004","sarafnaden@yahoo.cn","","(678)-004-6224","test","(678)-004-6224","sarafnaden@yahoo.cn"
"20011","98143513TBIOFBHF","2014.04.20 22:01:21","Lurline","Rosenbaum","","","RI","88996","emily.queen22@yahoo.com","(860)-434-6592","","test","(860)-434-6592","(860)-434-6592emily.queen22@yahoo.com"
"13164","41778935BSJTRYZH","2014.03.21 23:45:13","Lurline","D'Amore","","","MO","80096","mr.bencorolla34@gmail.com","(772)-667-5196","(772)-667-5196","test","(772)-667-5196(772)-667-5196","(772)-667-5196mr.bencorolla34@gmail.com"
"17441","46689475BQFQHNPS","2014.04.10 07:34:03","Lucius","Mann","","","IN","20851","mmustapha_31@hotmail.com","(228)-321-3425","(228)-321-3425","control","(228)-321-3425(228)-321-3425","(228)-321-3425mmustapha_31@hotmail.com"
"19020","32173883QCTSAYNT","2014.04.17 11:28:42","Alaina","Mayer","","","MN","","","(717)-965-5247","(717)-965-5247","test","(717)-965-5247(717)-965-5247","(717)-965-5247"
"19269","50046917FLRTVHPG","2014.04.18 07:55:28","Jaunita","Schiller","","","","","","(443)-050-7438","(443)-050-7438","test","(443)-050-7438(443)-050-7438","(443)-050-7438"
"11273","05461608EVRTYVWK","2014.03.15 09:51:54","Elouise","Huel","","","KS","65875","gbbok09@aol.co.uk","(319)-555-0156","(319)-555-0156","test","(319)-555-0156(319)-555-0156","(319)-555-0156gbbok09@aol.co.uk"
"19806","91961689ANTNVPFY","2014.04.20 05:10:09","Santino","Flatley","","","FL","64461","tom_box1@yahoo.co.uk","(207)-726-7898","(207)-726-7898","test","(207)-726-7898(207)-726-7898","(207)-726-7898tom_box1@yahoo.co.uk"
"20027","15295469ZCLASKKN","2014.04.20 23:26:43","Lauriane","Bartoletti","","","","","john.obi099@yahoo.com","(909)-846-4261","(909)-846-4261","test","(909)-846-4261(909)-846-4261","(909)-846-4261john.obi099@yahoo.com"
"12928","79748300AHSCHTAC","2014.03.21 03:55:59","Autumn","Stehr","","","","","","(229)-325-4154","(229)-325-4154","test","(229)-325-4154(229)-325-4154","(229)-325-4154"
"530","98840679LDLDQASC","2014.02.06 05:24:11","Marcus","Gutkowski","147 Sherwood Plain","","NY","","","(385)-720-2094","(248)-169-6080","test","(385)-720-2094(248)-169-6080","(385)-720-2094"
"805","43461395QNUVRVXF","2014.02.07 04:42:31","Agustin","Koepp","","","TX","","","(270)-976-8746","","test","(270)-976-8746","(270)-976-8746"
"831","60663181HOGGBQYS","2014.02.07 06:49:35","Loy","Nader","","","AL","67709","paulobi444@gmail.com","(615)-690-7091","","test","(615)-690-7091","(615)-690-7091paulobi444@gmail.com"
"1147","76211951FCZYTCVN","2014.02.08 08:51:24","Dillon","Quitzon","","","AK","46695-9066","antifraudefcc_ng@aol.in","(321)-492-4457","","test","(321)-492-4457","(321)-492-4457antifraudefcc_ng@aol.in"
"1151","51943963FYSKTXSE","2014.02.08 09:14:02","Ludie","Hand","","","HI","","","(281)-070-8378","","test","(281)-070-8378","(281)-070-8378"
"1272","41117943EVEVTXWB","2014.02.08 19:20:49","Alexzander","McLaughlin","","","WI","92791","hpham0806@yahoo.com.hk","(410)-262-5411","","test","(410)-262-5411","(410)-262-5411hpham0806@yahoo.com.hk"
"2431","71075694NLGBKGTK","2014.02.12 19:12:57","Parker","Ortiz","","","MA","38349","rev.franceskukah@earthlink.net","(904)-180-2988","","test","(904)-180-2988","(904)-180-2988rev.franceskukah@earthlink.net"
"1348","48118162DVITZDYI","2014.02.09 01:45:56","Octavia","Skiles","983 Celestino Ranch","South Cyril","NY","53924","mrs_chloe_oliver_fa@live.com","(424)-889-0697","","control","(424)-889-0697","(424)-889-0697mrs_chloe_oliver_fa@live.com"
"3027","90061617TSRFULZQ","2014.02.14 20:36:39","Salvatore","Willms","","","WA","23836","steve.franciss31@yahoo.com.ph","(813)-361-5893","","test","(813)-361-5893","(813)-361-5893steve.franciss31@yahoo.com.ph"
"2424","57259418DGVFUZNW","2014.02.12 18:37:15","Carlo","Christiansen","","","MN","65233-8171","ayo_bami35@yahoo.co.in","(413)-905-2389","","test","(413)-905-2389","(413)-905-2389ayo_bami35@yahoo.co.in"
"3582","40664577NGYIHXKD","2014.02.16 18:10:32","Marguerite","Hermann","931 Rosetta Trail","West Kentown","VT","56011","markchrist20@yahoo.com","(272)-998-4087","","test","(272)-998-4087","(272)-998-4087markchrist20@yahoo.com"
"2595","90597045XIFYHIPB","2014.02.13 09:14:44","Garland","Hyatt","","","MN","78281-7024","johnboardman25@yahoo.co.uk","(734)-755-0949","","test","(734)-755-0949","(734)-755-0949johnboardman25@yahoo.co.uk"
"440","94940771LBRKYLUY","2014.02.05 21:54:20","Ceasar","Osinski","","","MD","82215","atm_payment@excite.com","(914)-871-6752","","control","(914)-871-6752","(914)-871-6752atm_payment@excite.com"
"1956","99555330DBLIZSHT","2014.02.11 03:52:18","Mario","Goodwin","400 Jeff Oval","Robertschester","WI","58431-6521","sonita_henry4@msn.com","(585)-312-6384","","test","(585)-312-6384","(585)-312-6384sonita_henry4@msn.com"
"2866","24719618KHTRLJQJ","2014.02.14 07:35:47","Lonzo","Rath","","","AZ","99736-9289","ezeh2010@mail.mn","(724)-666-0786","","test","(724)-666-0786","(724)-666-0786ezeh2010@mail.mn"
"8997","97533233SMTSDZXL","2014.03.07 11:36:20","Carleton","Kiehn","","","ID","82130","","(802)-665-5195","","test","(802)-665-5195","(802)-665-5195"
"1083","57554558QLORJZXL","2014.02.08 03:40:04","Brennon","Schmeler","","","NC","","","(561)-125-6019","(314)-129-1316","test","(561)-125-6019(314)-129-1316","(561)-125-6019"
"4150","19242174CWEMJFEP","2014.02.18 16:46:03","Francisco","Gleason","","","KY","38679","zenith.douglas_tonyson@hotmail.com","(843)-373-0789","","test","(843)-373-0789","(843)-373-0789zenith.douglas_tonyson@hotmail.com"
"4459","19352802IKZMJMIN","2014.02.19 18:49:51","Carolyne","Cummings","8625 Corwin Ways","East Alyciaton","TN","10508-7479","safia00004@yahoo.co.jp","(662)-446-9292","","test","(662)-446-9292","(662)-446-9292safia00004@yahoo.co.jp"
"4854","88633771PQXQSGCA","2014.02.21 03:03:51","Sage","Spencer","","","VA","39682-1428","collins_udoka99@yahoo.co.jp","(531)-835-6033","","test","(531)-835-6033","(531)-835-6033collins_udoka99@yahoo.co.jp"
"11296","18106821SHWTWXLS","2014.03.15 11:49:37","Marquis","Jacobi","","","WV","53635-7985","SJPWM@financier.com","(832)-846-6355","","test","(832)-846-6355","(832)-846-6355SJPWM@financier.com"
"3849","65298314NQCHYIDJ","2014.02.17 15:51:11","Danial","Sanford","454 Rolfson Route","Prosaccoburgh","FL","38816","wowo_cc1@yahoo.com","(304)-166-8514","","test","(304)-166-8514","(304)-166-8514wowo_cc1@yahoo.com"
"4723","13110998FOXPEYKI","2014.02.20 16:09:21","Vicenta","Kautzer","","","OH","","","(843)-505-5245","(772)-137-2623","control","(843)-505-5245(772)-137-2623","(843)-505-5245"
"5462","42185195EJTMHEYF","2014.02.23 05:16:17","Eddie","Bayer","","","SD","","robert_mbewe@yahoo.co.uk","(260)-827-1658","(712)-354-8649","test","(260)-827-1658(712)-354-8649","(260)-827-1658robert_mbewe@yahoo.co.uk"
"5418","89614593FVCYWKAA","2014.02.23 01:40:54","Jamar","Skiles","80835 Kertzmann Ridge","South Mozell","WI","76131-1980","mr.lamidosanusilamidocbngov@gmail.com","(619)-537-8888","","control","(619)-537-8888","(619)-537-8888mr.lamidosanusilamidocbngov@gmail.com"
"6130","82977489UHRDQGRN","2014.02.25 12:51:11","Jessyca","Collins","","","CO","62944-0647","maldaline@att.net","(219)-077-0747","","test","(219)-077-0747","(219)-077-0747maldaline@att.net"
"10734","09882025ZKUTPUVF","2014.03.13 12:55:35","Dandre","Kertzmann","","","IA","","","(217)-057-0452","(805)-026-7972","test","(217)-057-0452(805)-026-7972","(217)-057-0452"
"6293","65236924HGLSKYGG","2014.02.26 02:27:11","Concepcion","Klocko","98903 Jamal Station","Littelhaven","NC","14909","microsoftlotto32@yahoo.com","(859)-576-1653","","test","(859)-576-1653","(859)-576-1653microsoftlotto32@yahoo.com"
"9265","43618773AHXSYCSP","2014.03.08 10:09:58","Adrian","Von","195 Yost Club","Cartwrighthaven","WV","97165-1295","gracefarooq1002@msn.com","(845)-546-4621","","test","(845)-546-4621","(845)-546-4621gracefarooq1002@msn.com"
"3484","90107604EYUOLSXI","2014.02.16 10:11:18","Carlos","Russel","218 Gerry Cove","New Jonas","ND","21026","dennisloanword@gmail.com","(234)-728-5565","","test","(234)-728-5565","(234)-728-5565dennisloanword@gmail.com"
"6944","27611862BHQCDVHT","2014.02.28 09:03:11","Gia","Brekke","","","","","","(814)-135-8977","","test","(814)-135-8977","(814)-135-8977"
"7015","39236055OZKHOAEE","2014.02.28 14:58:34","Jude","Marvin","","","MO","39728","","(570)-041-0337","","control","(570)-041-0337","(570)-041-0337"
"8142","94765793DACMOANH","2014.03.04 12:15:54","Bret","Lindgren","9637 Bailey Gateway","Bernhardborough","IN","25704-6880","EMAILNIGEL1_JENKINSON@CONSULTANT.COM","(626)-098-0980","","test","(626)-098-0980","(626)-098-0980EMAILNIGEL1_JENKINSON@CONSULTANT.COM"
"2104","66005203XWLKQYPE","2014.02.11 15:54:32","Pearline","Skiles","","","HI","","drlewisolga@windowslive.com","(215)-089-5246","","control","(215)-089-5246","(215)-089-5246drlewisolga@windowslive.com"
"9637","03579904LHNWNJPZ","2014.03.09 18:22:00","Jamel","Williamson","","","FL","","westernunion.service0009@gmail.com","(417)-150-7794","(269)-772-6024","test","(417)-150-7794(269)-772-6024","(417)-150-7794westernunion.service0009@gmail.com"
"9469","57083382UJJWVDJB","2014.03.09 04:05:41","Efrain","Sanford","73621 Reichert Fields","Ronnyfurt","VT","80794-3993","irs.ielott@hotmail.com","(484)-522-4281","","test","(484)-522-4281","(484)-522-4281irs.ielott@hotmail.com"
"8078","97344779VKSHEFYG","2014.03.04 07:07:23","Tad","Connelly","172 Michaela Bypass","South Tyson","MA","24162","barr_sandy2008@hotmail.com","(407)-522-2076","","test","(407)-522-2076","(407)-522-2076barr_sandy2008@hotmail.com"
"9894","68303858HFGHUPHJ","2014.03.10 15:36:14","Kaylah","Stracke","","","SD","56768","diplomaticcourieragent22@yahoo.co.jp","(702)-549-4804","","test","(702)-549-4804","(702)-549-4804diplomaticcourieragent22@yahoo.co.jp"
"12671","27473013FJYNCEJG","2014.03.20 06:44:21","Celine","Emmerich","","","OH","43797-9716","","(850)-409-2153","(850)-409-2153","control","(850)-409-2153(850)-409-2153","(850)-409-2153"
"10340","62689100PDYFTVUL","2014.03.12 04:19:36","Kaylie","Dach","383 Clementine Land","Ahmadburgh","RI","81023-4883","paulson.johjoh@voila.fr","(234)-697-4467","","test","(234)-697-4467","(234)-697-4467paulson.johjoh@voila.fr"
"9313","06641136HOAHTKOH","2014.03.08 14:08:24","Adam","Mohr","7804 Owen Corner","Gulgowskiport","RI","21243","biros2008@myway.com","(364)-876-2601","","test","(364)-876-2601","(364)-876-2601biros2008@myway.com"
"11173","76563376TLCALFZS","2014.03.15 01:16:52","Shawn","Kreiger","","","HI","","","(567)-363-9580","","test","(567)-363-9580","(567)-363-9580"
"9239","29158649WRCWAXPO","2014.03.08 07:52:11","Lorena","Homenick","","","OH","15720","allainmoshe9001@yahoo.com.my","(769)-225-3990","","control","(769)-225-3990","(769)-225-3990allainmoshe9001@yahoo.com.my"
"11159","98106585CBQKWWWX","2014.03.15 00:08:48","Franz","Hagenes","","","TN","83039-2094","mrshellendavido1@hotmail.com","(704)-169-0934","","test","(704)-169-0934","(704)-169-0934mrshellendavido1@hotmail.com"
"11355","58595149LTHECHJR","2014.03.15 16:49:03","Easton","Bednar","8955 Welch Keys","East Lavernport","MI","81980-2624","aiza.r012@msn.com","(909)-489-3527","","test","(909)-489-3527","(909)-489-3527aiza.r012@msn.com"
"11493","00175228VXGKTMAR","2014.03.16 04:08:59","Phoebe","Skiles","3932 Armand Circle","South Brielle","MA","37328-0630","kennywilliams100@gmail.com","(732)-075-5339","","test","(732)-075-5339","(732)-075-5339kennywilliams100@gmail.com"
"11466","24335154PGHDQMWL","2014.03.16 01:53:52","Flo","Marquardt","930 Freeda Manors","South Nathanaelstad","FL","86046-8734","s_davisx00003@yahoo.co.jp","(470)-299-7504","","test","(470)-299-7504","(470)-299-7504s_davisx00003@yahoo.co.jp"
"6855","66322605LMCXWYME","2014.02.28 01:37:51","Shayna","Goldner","964 Grayson Extensions","Volkmanfort","AR","73369-9457","atmcustomercare171@gmail.com","(352)-031-9389","","control","(352)-031-9389","(352)-031-9389atmcustomercare171@gmail.com"
"11764","92215019MZVTLTOJ","2014.03.17 03:14:11","Reyna","Konopelski","711 Francisco Squares","Graysonbury","TX","72461-9406","sarahwilson0000001@hotmail.com","(520)-233-4711","","test","(520)-233-4711","(520)-233-4711sarahwilson0000001@hotmail.com"
"18346","96280466MNBDWACA","2014.04.15 03:58:39","Javon","Ankunding","","","TN","","","(727)-982-2032","(727)-982-2032","test","(727)-982-2032(727)-982-2032","(727)-982-2032"
"12989","69200623RSBVDMYG","2014.03.21 08:58:37","Cornelius","Langosh","38446 Lemuel Port","North Shawn","TX","35237-1090","jaindabor1@att.net","(916)-649-9855","","test","(916)-649-9855","(916)-649-9855jaindabor1@att.net"
"11723","11779727WITPQPEL","2014.03.16 23:46:13","Telly","Labadie","","","VT","49869-6709","","(540)-247-6816","(351)-750-4053","test","(540)-247-6816(351)-750-4053","(540)-247-6816"
"14366","12098808QIJHARHW","2014.03.29 12:28:16","Mariano","Kub","","","OH","86374-1904","barclays_varley@sify.com","(785)-784-4324","","test","(785)-784-4324","(785)-784-4324barclays_varley@sify.com"
"15395","92493366OCTPVCVF","2014.04.03 04:37:19","Ivah","Hickle","244 McClure Valleys","East Maxime","WV","79304-4865","south2010ss@avasmail.com.mv","(406)-299-4331","","test","(406)-299-4331","(406)-299-4331south2010ss@avasmail.com.mv"
"15896","16772842PQSOOZNF","2014.04.04 22:09:31","Ephraim","Medhurst","","","AL","","","(586)-857-9948","","test","(586)-857-9948","(586)-857-9948"
"16274","19552703COLNEOLT","2014.04.06 05:46:24","Hiram","","","","OR","72446-0866","","(203)-383-0679","","test","(203)-383-0679","(203)-383-0679"
"16997","86246687YDMPAKSU","2014.04.08 18:32:22","Duane","Hyatt","821 Hyatt Vista","Jaydefurt","NH","98701-9939","paulson2301@yahoo.co.uk","(956)-824-8452","","test","(956)-824-8452","(956)-824-8452paulson2301@yahoo.co.uk"
"18591","58795720OFGMARMU","2014.04.16 00:33:55","Myriam","Kuhlman","67124 Senger Run","Legrosmouth","LA","18051","aliceeochinyan@gmail.com","(660)-195-8268","","test","(660)-195-8268","(660)-195-8268aliceeochinyan@gmail.com"
"10564","63332587QRQFMUPN","2014.03.12 22:54:29","Jeff-Test-ID-4213","WebTest","365 Keebler Dale","Jacklynton","CA","84043","egio12345@gmail.com","(817)-611-2135","","test","(817)-611-2135","(817)-611-2135egio12345@gmail.com"
"14195","19294271VIXLBLTF","2014.03.28 22:15:48","Wilhelmine","Huel","106 Nader Turnpike","North Lilly","MT","21946-0034","tntcourierexpressdeliverycompany@yahoo.in","(913)-732-0087","","test","(913)-732-0087","(913)-732-0087tntcourierexpressdeliverycompany@yahoo.in"
"4861","06120453LLNNWRFO","2014.02.21 03:38:57","Brisa","Kiehn","3932 Alessia Orchard","Cartwrightfort","PA","60065","jacksoncarloslawchambers@gmail.com","(859)-644-9808","","test","(859)-644-9808","(859)-644-9808jacksoncarloslawchambers@gmail.com"
"7682","01241007AZOSGNVT","2014.03.02 22:29:17","Amy","Bartell","29358 Schuster Green","Gottliebtown","VA","63364","hassan_hoque200@live.co.uk","(386)-827-0369","","control","(386)-827-0369","(386)-827-0369hassan_hoque200@live.co.uk"
